[
  {
    "id": "2c0d5997-e5ff-441d-b164-b9449c573793",
    "name": "Azure Monitor Inbound",
    "description": "",
    "icon": "https://s3-xmatters-static.s3.amazonaws.com/null/customers/aa4ff4cd-06da-460c-b2d0-bb34ad66da69/IMAGE__20200518170930462__azure.jpeg",
    "script": "\nvar body = JSON.parse(request.body);\nvar data = body.data;\n\nif( body.schemaId != 'azureMonitorCommonAlertSchema' ){\n    console.log( 'ERROR: schemaId \"' + data.schemaId + '\" is not \"azureMonitorCommonAlertSchema\" make sure the Azure Action is using the common alert schema' );\n    throw 'Invalid Schema \"' + data.schemaId + '\"';\n}\n\nfunction json2table(json, pre=\"\") {\n    let table = \"\";\n    for (k in json) {\n        if (typeof json[k] == \"object\") {\n            table += json2table(json[k], pre+k+\".\")\n        } else {\n            table += `<tr><td>${pre+k}</td><td>${json[k]}</td></tr>`\n        }\n    }\n    \n    return table;\n}\n\n\nvar context    = data.alertContext;\nvar essentials = data.essentials;\n\nvar conditionArray        = [\"DEPRECATED - use Alert Context\"] //context.condition.allOf;\nvar conditionOutputMarkup = [\"DEPRECATED - use Alert Context\"] //processConditions( conditionArray );\n\nvar recipients = request.parameters.recipients;\noutput['Recipients'] = recipients;\n\nconsole.log(\"Preparing output.\");\n\noutput['Alert Name']        = essentials.alertRule;\noutput['Alert Description'] = essentials.description;\n\noutput['ID']                = essentials.alertId;\noutput['Monitor Condition'] = essentials.monitorCondition;\noutput['Monitoring Service'] = essentials.monitoringService;\noutput['Fired Time']        = essentials.firedDateTime;\noutput['Resolved Time' ]    = essentials.resolvedDateTime;\noutput['Severity']          = essentials.severity;\noutput['Condition Type']    = \"DEPRECATED - use Alert Context\"  //context.conditionType;\noutput['Display Time' ]     = ( essentials.firedDateTime ? essentials.firedDateTime : essentials.resolvedDateTime );\n\nvar metricOutput = \"<table>\";\nmetricOutput += json2table(context);\nmetricOutput += \"</table>\";\n\nvar lng = metricOutput.length;\nif( lng > 20000 ) {\n    console.log( 'Too many characters for \"Metric Output: [' + lng + ']. Truncating.. ' );\n    output['AlertContext'] = metricOutput.substring( 0, 20000 );\n    output['AlertContext1'] = metricOutput.substring( 20000 );\n} else {\n    output['AlertContext'] = metricOutput;\n}\n\n\n\n\n\noutput['Window Size']         = \"DEPRECATED - use Alert Context\";\noutput['Subscription ID']     = essentials.alertId;\n//output['Resource Group Name'] = context.resourceGroupName;\noutput['Portal Link']         = 'https://portal.azure.com/#blade/Microsoft_Azure_Monitoring/AlertDetailsTemplateBlade/alertId/' + encodeURIComponent( essentials.alertId );\n\n\n\nvar maxConditionToDisplay = 3;\n\n function processConditions( conditionArray ) {\n    if( !conditionArray )\n       return \"\";\n       \n    var embeddedTable = new EmbeddedTable();\n    var count = 0;\n    for (var i = 0; i < conditionArray.length; i++) {\n        var condition = conditionArray[i];\n        if (condition) {\n            var title = condition.metricName;\n            var subtitle = condition.operator;\n            var body = condition.threshold;\n            embeddedTable.addRow(title, subtitle, body);\n            count++;\n        }\n        if (count >= maxConditionToDisplay) {\n            break;\n        }\n    }\n    return embeddedTable.getMarkup(2);\n}\n\n\n\n\n\n/*\n * The Embed Utility can be used to build embedded tables for email messages.\n *\n * Usage:\n * var embeddedTable = new (require('Embed Util')).EmbeddedTable();\n * embeddedTable.addRow('my title', 'my subtitle', 'my body');\n * var outputProperties = embeddedTable.getMarkup(5);\n */\n\n/**\n * Constructor for the EmbeddedTable\n *\n * @param {number} maxPropertyLength The maximum length of the properties that the markup will be stored in. Defaults to 20000\n * @returns {EmbeddedTable} The embedded table object\n */\nfunction EmbeddedTable(maxPropertyLength) {\n    this.maxPropertyLength = maxPropertyLength ? maxPropertyLength : 20000;\n    this.rows = [];\n    \n\n    /**\n     * Add a new row of data to the embedded table\n     * @param {string} title    The title for the element\n     * @param {string} subtitle A subtitle for the element\n     * @param {string} body     The body of the element\n     * @returns {null} nothing\n     */\n    this.addRow = function(title, subtitle, body) {\n        this.rows.push({\n            title: title,\n            subtitle: subtitle,\n            body: body\n        });\n    };\n    \n    /**\n     * Gets the markup for the embedded table\n     * @param  {number} maxProperties The number of properties available for the markup to be stored in\n     * @return {array<string>}               An array of strings with the markup for the embedded table\n     */\n    this.getMarkup = function(maxProperties) {\n        var outputProperties = ['<table>'];\n        var endString = '</table>';\n        for (var i = 0; i < this.rows.length; i++) {\n            var row = this.rows[i];\n            var element = '<tr class=\"table-border\">' +\n                '<td>' +\n                '<p><strong>' + row.title + '</strong></p>' +\n                '<p>' + row.subtitle + '</p>' +\n                '<p>' + row.body + '</p>' +\n                '</td>' +\n                '</tr>';\n    \n            if ((outputProperties[outputProperties.length - 1].length + element.length) > (this.maxPropertyLength - endString.length)) {\n                if (outputProperties.length < maxProperties) {\n                    outputProperties.push(element);\n                } else {\n                    console.log('Embed ran out of space');\n                    break;\n                }\n            } else {\n                outputProperties[outputProperties.length - 1] += element;\n            }\n        }\n        outputProperties[outputProperties.length - 1] += endString;\n        return outputProperties;\n    };  \n    \n    return this;\n}\n",
    "allowedEnvironment": "HOSTED",
    "accessibleByAll": "NotShared",
    "triggerAuthType": "URL_AUTH",
    "scriptStepType": "CUSTOM_HTTP",
    "inputs": [],
    "outputs": [
      {
        "id": "33a7b0d8-0dd6-490e-9efa-fde98211f7cb",
        "name": "Alert Description",
        "description": "",
        "position": 0
      },
      {
        "id": "46e5164f-6a43-47d5-a319-cc2961f97500",
        "name": "Alert Name",
        "description": "",
        "position": 1
      },
      {
        "id": "c6717529-7849-4d32-b81a-99c2832b7b62",
        "name": "Condition Type",
        "description": "",
        "position": 2
      },
      {
        "id": "9c664118-a915-4624-a5f1-7d538f94bbda",
        "name": "Fired Time",
        "description": "",
        "position": 3
      },
      {
        "id": "b2fdecf6-7142-4963-b134-bfa99fbffc9f",
        "name": "ID",
        "description": "",
        "position": 4
      },
      {
        "id": "b14d7a50-4517-4f56-94be-71c9e3b892d7",
        "name": "Metric Output",
        "description": "",
        "position": 5
      },
      {
        "id": "db331eb6-e2e7-493e-9ef0-e2c453340b1a",
        "name": "Portal Link",
        "description": "",
        "position": 6
      },
      {
        "id": "98ff0484-67f4-4812-9028-d733a5df8195",
        "name": "Resolved Time",
        "description": "",
        "position": 7
      },
      {
        "id": "1f00c54a-44eb-4f1d-be5a-31cbc303ad9a",
        "name": "Severity",
        "description": "",
        "position": 8
      },
      {
        "id": "098606df-4774-473b-8678-d55ea175d7dc",
        "name": "Subscription ID",
        "description": "",
        "position": 9
      },
      {
        "id": "4452512d-2bbc-4c3d-98e7-8cb7d574c8c0",
        "name": "Timestamp",
        "description": "",
        "position": 10
      },
      {
        "id": "db57ad7b-5ae1-4081-b39a-ad50a80733cc",
        "name": "Recipients",
        "description": "",
        "position": 11
      },
      {
        "id": "dab2e9d9-0c6c-4f87-8ded-4c6e71d0fa17",
        "name": "Monitor Condition",
        "description": "",
        "position": 12
      },
      {
        "id": "95d5ad99-a78d-46e6-b6f7-629df306770b",
        "name": "Monitoring Service",
        "description": "",
        "position": 13
      },
      {
        "id": "054df3b3-ef31-470e-863e-aa98f0e44a27",
        "name": "AlertContext",
        "description": "",
        "position": 14
      },
      {
        "id": "e76dfb7f-1db5-4689-86c2-dc9eafc1cbac",
        "name": "AlertContext1",
        "description": "",
        "position": 15
      }
    ],
    "libraries": []
  }
]