[
  {
    "id": "91aa7958-5117-46fd-b4d0-62cb2d2ae250",
    "name": "Azure Monitor Inbound",
    "description": "",
    "icon": "http://s3-xmatters-static.s3.amazonaws.com/null/customers/c7ec6115-b3a8-4568-a32f-bd79a16602fe/IMAGE__20191120211347297__azure_small.png",
    "script": "\nvar body = JSON.parse(request.body);\nvar data = body.data;\n\nif( body.schemaId != 'azureMonitorCommonAlertSchema' ){\n    console.log( 'ERRROR: schemaId \"' + data.schemaId + '\" is not \"azureMonitorCommonAlertSchema\" make sure the Azure Action is using the common alert schema' );\n    throw 'Invalid Schema \"' + data.schemaId + '\"';\n}\n\n\n\n\nvar context    = data.alertContext;\nvar essentials = data.essentials;\n\nvar conditionArray        = context.condition.allOf;\nvar conditionOutputMarkup = processConditions( conditionArray );\n\nvar recipients = request.parameters.recipients;\noutput['Recipients'] = recipients;\n\nconsole.log(\"Preparing output.\");\n\noutput['Alert Name']        = essentials.alertRule;\noutput['Alert Description'] = essentials.description;\n\noutput['ID']                = essentials.alertId;\noutput['Monitor Condition'] = essentials.monitorCondition;\noutput['Monitoring Service'] = essentials.monitoringService;\noutput['Fired Time']        = essentials.firedDateTime;\noutput['Resolved Time' ]    = essentials.resolvedDateTime;\noutput['Severity']          = essentials.severity;\noutput['Condition Type']    = context.conditionType;\n\noutput['Display Time' ]     = ( essentials.firedDateTime ? essentials.firedDateTime : essentials.resolvedDateTime );\n\nvar metricOutput = '';\nfor (var i = 0; i <= conditionOutputMarkup.length - 1; i++) {\n    metricOutput += conditionOutputMarkup[i];\n}\n\nvar lng = metricOutput.length;\nif( lng > 20000 ) {\n    console.log( 'Too many characters for \"Metric Output: [' + lng + ']. Truncating.. ' );\n}\n\noutput['Metric Output'] = metricOutput.substring( 0, 20000 );\n\noutput['Window Size']         = context.condition.windowSize;\noutput['Subscription ID']     = essentials.alertId;\n//output['Resource Group Name'] = context.resourceGroupName;\noutput['Portal Link']         = 'https://portal.azure.com/#blade/Microsoft_Azure_Monitoring/AlertDetailsTemplateBlade/alertId/' + encodeURIComponent( essentials.alertId );\n\n\n\nvar maxConditionToDisplay = 3;\n\n function processConditions( conditionArray ) {\n    var embeddedTable = new EmbeddedTable();\n    var count = 0;\n    for (var i = 0; i < conditionArray.length; i++) {\n        var condition = conditionArray[i];\n        if (condition) {\n            var title = condition.metricName;\n            var subtitle = condition.operator;\n            var body = condition.threshold;\n            embeddedTable.addRow(title, subtitle, body);\n            count++;\n        }\n        if (count >= maxConditionToDisplay) {\n            break;\n        }\n    }\n    return embeddedTable.getMarkup(2);\n};\n\n\n\n\n\n\n/*\n * The Embed Utility can be used to build embedded tables for email messages.\n *\n * Usage:\n * var embeddedTable = new (require('Embed Util')).EmbeddedTable();\n * embeddedTable.addRow('my title', 'my subtitle', 'my body');\n * var outputProperties = embeddedTable.getMarkup(5);\n */\n\n/**\n * Constructor for the EmbeddedTable\n *\n * @param {number} maxPropertyLength The maximum length of the properties that the markup will be stored in. Defaults to 20000\n * @returns {EmbeddedTable} The embedded table object\n */\nfunction EmbeddedTable(maxPropertyLength) {\n    this.maxPropertyLength = maxPropertyLength ? maxPropertyLength : 20000;\n    this.rows = [];\n    \n\n    /**\n     * Add a new row of data to the embedded table\n     * @param {string} title    The title for the element\n     * @param {string} subtitle A subtitle for the element\n     * @param {string} body     The body of the element\n     * @returns {null} nothing\n     */\n    this.addRow = function(title, subtitle, body) {\n        this.rows.push({\n            title: title,\n            subtitle: subtitle,\n            body: body\n        });\n    };\n    \n    /**\n     * Gets the markup for the embedded table\n     * @param  {number} maxProperties The number of properties available for the markup to be stored in\n     * @return {array<string>}               An array of strings with the markup for the embedded table\n     */\n    this.getMarkup = function(maxProperties) {\n        var outputProperties = ['<table>'];\n        var endString = '</table>';\n        for (var i = 0; i < this.rows.length; i++) {\n            var row = this.rows[i];\n            var element = '<tr class=\"table-border\">' +\n                '<td>' +\n                '<p><strong>' + row.title + '</strong></p>' +\n                '<p>' + row.subtitle + '</p>' +\n                '<p>' + row.body + '</p>' +\n                '</td>' +\n                '</tr>';\n    \n            if ((outputProperties[outputProperties.length - 1].length + element.length) > (this.maxPropertyLength - endString.length)) {\n                if (outputProperties.length < maxProperties) {\n                    outputProperties.push(element);\n                } else {\n                    console.log('Embed ran out of space');\n                    break;\n                }\n            } else {\n                outputProperties[outputProperties.length - 1] += element;\n            }\n        }\n        outputProperties[outputProperties.length - 1] += endString;\n        return outputProperties;\n    };  \n    \n    return this;\n}\n",
    "allowedEnvironment": "HOSTED",
    "accessibleByAll": "NotShared",
    "triggerAuthType": "URL_AUTH",
    "scriptStepType": "CUSTOM_HTTP",
    "inputs": [],
    "outputs": [
      {
        "id": "25ed48f8-d1e0-4230-8bd7-08146400c655",
        "name": "Alert Description",
        "position": 0
      },
      {
        "id": "16869e25-45a2-4e43-a436-c357f1bcf3a4",
        "name": "Alert Name",
        "position": 1
      },
      {
        "id": "d9d79594-ec5b-4b25-b6a0-e5e72850c3dd",
        "name": "Condition Type",
        "position": 2
      },
      {
        "id": "bb91b013-6894-4bce-a2a3-b8d243718668",
        "name": "Fired Time",
        "position": 3
      },
      {
        "id": "8ae237f7-6bb4-4b42-857a-e6d7d3c4f1b5",
        "name": "ID",
        "position": 4
      },
      {
        "id": "fd39a157-6a45-43cc-a0a9-2c764d534ee7",
        "name": "Metric Output",
        "position": 5
      },
      {
        "id": "2e1ac2f3-d397-49a4-9ba2-88710c798c7e",
        "name": "Portal Link",
        "position": 6
      },
      {
        "id": "f74bbc2a-f8e9-477a-b399-83e6a7d90fc7",
        "name": "Resolved Time",
        "position": 7
      },
      {
        "id": "f53dcfd3-59db-4856-864c-08ddba77f863",
        "name": "Severity",
        "position": 8
      },
      {
        "id": "8c4e8ac8-d359-47c1-b543-6faafa410393",
        "name": "Subscription ID",
        "position": 9
      },
      {
        "id": "a10aec82-fed9-41ba-8689-9601dade5dbb",
        "name": "Timestamp",
        "position": 10
      },
      {
        "id": "99c0904a-9e65-43e2-af9b-cde50e301607",
        "name": "Recipients",
        "position": 11
      },
      {
        "id": "fdfa0bcf-5f22-410e-8373-f8a87127c20b",
        "name": "Monitor Condition",
        "position": 12
      },
      {
        "id": "2480d41f-92b9-40cd-b950-01e57e043119",
        "name": "Monitoring Service",
        "position": 13
      }
    ]
  }
]