[
  {
    "id": "10e7fdd6-0ca6-4a49-87f2-fcb9f0d963dd",
    "name": "Azure Monitor Inbound",
    "description": "",
    "icon": "http://s3-xmatters-static.s3.amazonaws.com/null/customers/c7ec6115-b3a8-4568-a32f-bd79a16602fe/IMAGE__20191120211347297__azure_small.png",
    "script": "\nvar body = JSON.parse(request.body);\nvar data = body.data;\n\nif( body.schemaId != 'azureMonitorCommonAlertSchema' ){\n    console.log( 'ERRROR: schemaId \"' + data.schemaId + '\" is not \"azureMonitorCommonAlertSchema\" make sure the Azure Action is using the common alert schema' );\n    throw 'Invalid Schema \"' + data.schemaId + '\"';\n}\n\n\n\n\nvar context    = data.alertContext;\nvar essentials = data.essentials;\n\nvar conditionArray        = context.condition.allOf;\nvar conditionOutputMarkup = processConditions( conditionArray );\n\nvar recipients = request.parameters.recipients;\noutput['Recipients'] = recipients;\n\nconsole.log(\"Preparing output.\");\n\noutput['Alert Name']        = essentials.alertRule;\noutput['Alert Description'] = essentials.description;\n\noutput['ID']                = essentials.alertId;\noutput['Monitor Condition'] = essentials.monitorCondition;\noutput['Monitoring Service'] = essentials.monitoringService;\noutput['Fired Time']        = essentials.firedDateTime;\noutput['Resolved Time' ]    = essentials.resolvedDateTime;\noutput['Severity']          = essentials.severity;\noutput['Condition Type']    = context.conditionType;\n\noutput['Display Time' ]     = ( essentials.firedDateTime ? essentials.firedDateTime : essentials.resolvedDateTime );\n\nvar metricOutput = '';\nfor (var i = 0; i <= conditionOutputMarkup.length - 1; i++) {\n    metricOutput += conditionOutputMarkup[i];\n}\n\nvar lng = metricOutput.length;\nif( lng > 20000 ) {\n    console.log( 'Too many characters for \"Metric Output: [' + lng + ']. Truncating.. ' );\n}\n\noutput['Metric Output'] = metricOutput.substring( 0, 20000 );\n\noutput['Window Size']         = context.condition.windowSize;\noutput['Subscription ID']     = essentials.alertId;\n//output['Resource Group Name'] = context.resourceGroupName;\noutput['Portal Link']         = 'https://portal.azure.com/#blade/Microsoft_Azure_Monitoring/AlertDetailsTemplateBlade/alertId/' + encodeURIComponent( essentials.alertId );\n\n\n\nvar maxConditionToDisplay = 3;\n\n function processConditions( conditionArray ) {\n    if( !conditionArray )\n       return \"\";\n       \n    var embeddedTable = new EmbeddedTable();\n    var count = 0;\n    for (var i = 0; i < conditionArray.length; i++) {\n        var condition = conditionArray[i];\n        if (condition) {\n            var title = condition.metricName;\n            var subtitle = condition.operator;\n            var body = condition.threshold;\n            embeddedTable.addRow(title, subtitle, body);\n            count++;\n        }\n        if (count >= maxConditionToDisplay) {\n            break;\n        }\n    }\n    return embeddedTable.getMarkup(2);\n}\n\n\n\n\n\n/*\n * The Embed Utility can be used to build embedded tables for email messages.\n *\n * Usage:\n * var embeddedTable = new (require('Embed Util')).EmbeddedTable();\n * embeddedTable.addRow('my title', 'my subtitle', 'my body');\n * var outputProperties = embeddedTable.getMarkup(5);\n */\n\n/**\n * Constructor for the EmbeddedTable\n *\n * @param {number} maxPropertyLength The maximum length of the properties that the markup will be stored in. Defaults to 20000\n * @returns {EmbeddedTable} The embedded table object\n */\nfunction EmbeddedTable(maxPropertyLength) {\n    this.maxPropertyLength = maxPropertyLength ? maxPropertyLength : 20000;\n    this.rows = [];\n    \n\n    /**\n     * Add a new row of data to the embedded table\n     * @param {string} title    The title for the element\n     * @param {string} subtitle A subtitle for the element\n     * @param {string} body     The body of the element\n     * @returns {null} nothing\n     */\n    this.addRow = function(title, subtitle, body) {\n        this.rows.push({\n            title: title,\n            subtitle: subtitle,\n            body: body\n        });\n    };\n    \n    /**\n     * Gets the markup for the embedded table\n     * @param  {number} maxProperties The number of properties available for the markup to be stored in\n     * @return {array<string>}               An array of strings with the markup for the embedded table\n     */\n    this.getMarkup = function(maxProperties) {\n        var outputProperties = ['<table>'];\n        var endString = '</table>';\n        for (var i = 0; i < this.rows.length; i++) {\n            var row = this.rows[i];\n            var element = '<tr class=\"table-border\">' +\n                '<td>' +\n                '<p><strong>' + row.title + '</strong></p>' +\n                '<p>' + row.subtitle + '</p>' +\n                '<p>' + row.body + '</p>' +\n                '</td>' +\n                '</tr>';\n    \n            if ((outputProperties[outputProperties.length - 1].length + element.length) > (this.maxPropertyLength - endString.length)) {\n                if (outputProperties.length < maxProperties) {\n                    outputProperties.push(element);\n                } else {\n                    console.log('Embed ran out of space');\n                    break;\n                }\n            } else {\n                outputProperties[outputProperties.length - 1] += element;\n            }\n        }\n        outputProperties[outputProperties.length - 1] += endString;\n        return outputProperties;\n    };  \n    \n    return this;\n}\n",
    "allowedEnvironment": "HOSTED",
    "accessibleByAll": "NotShared",
    "triggerAuthType": "URL_AUTH",
    "scriptStepType": "CUSTOM_HTTP",
    "inputs": [],
    "outputs": [
      {
        "id": "99c9cda2-d7e4-4eaf-888d-6ca47973f6f3",
        "name": "Alert Description",
        "description": "",
        "position": 0
      },
      {
        "id": "c9cd5801-4d65-4660-85f0-46217812a8bd",
        "name": "Alert Name",
        "description": "",
        "position": 1
      },
      {
        "id": "e8cf89cd-4b8c-4c1e-ab80-78d1a31ce4bd",
        "name": "Condition Type",
        "description": "",
        "position": 2
      },
      {
        "id": "fdefd980-ae27-459f-a898-a72e2575584a",
        "name": "Fired Time",
        "description": "",
        "position": 3
      },
      {
        "id": "15357cc6-c7ae-47ad-9e9e-a65cd0101b56",
        "name": "ID",
        "description": "",
        "position": 4
      },
      {
        "id": "354f94ea-c315-4a1c-a1db-822355986c9e",
        "name": "Metric Output",
        "description": "",
        "position": 5
      },
      {
        "id": "10d4970a-f55d-4e44-a5ee-412a44311e8a",
        "name": "Portal Link",
        "description": "",
        "position": 6
      },
      {
        "id": "fdd44487-378a-4789-b44e-b3141a98047e",
        "name": "Resolved Time",
        "description": "",
        "position": 7
      },
      {
        "id": "2e9c2dc8-5481-40bf-8a3f-3e774b4f5070",
        "name": "Severity",
        "description": "",
        "position": 8
      },
      {
        "id": "2587b79a-d836-4a24-8b2f-aee0b2cd5766",
        "name": "Subscription ID",
        "description": "",
        "position": 9
      },
      {
        "id": "f003e541-471f-4345-aaec-27a4e47e3ad7",
        "name": "Timestamp",
        "description": "",
        "position": 10
      },
      {
        "id": "fe3aa518-b584-4121-bbe7-d1f2698381a0",
        "name": "Recipients",
        "description": "",
        "position": 11
      },
      {
        "id": "b9914c71-d68b-447d-9454-a3ae25cc5dee",
        "name": "Monitor Condition",
        "description": "",
        "position": 12
      },
      {
        "id": "8daf189e-0804-46d3-acf8-d52ee75b0582",
        "name": "Monitoring Service",
        "description": "",
        "position": 13
      }
    ],
    "libraries": []
  }
]