[
  {
    "id": "568c7cf2-bedc-47a8-bb0c-391426b9fbb3",
    "name": "Azure Monitor Inbound",
    "description": "",
    "icon": "https://s3-xmatters-static.s3.amazonaws.com/null/customers/aa4ff4cd-06da-460c-b2d0-bb34ad66da69/IMAGE__20200518170930462__azure.jpeg",
    "script": "\nvar body = JSON.parse(request.body);\nvar data = body.data;\n\nvar extratables = \"\";\n\nif( body.schemaId != 'azureMonitorCommonAlertSchema' ){\n    console.log( 'ERRROR: schemaId \"' + data.schemaId + '\" is not \"azureMonitorCommonAlertSchema\" make sure the Azure Action is using the common alert schema' );\n    throw 'Invalid Schema \"' + data.schemaId + '\"';\n}\n\nfunction json2table(json, title=\"\") {\n  var cols = Object.keys(json);\n  \n  var headerRow = '';\n  var bodyRows = '';\n\n  var get = function(item, col) {\n      if (item !== null && typeof(item) === 'object') {\n          x = json2table(item, col);\n          extratables += x;\n          console.log(`just added to extra tables ${extratables}`)\n          return \"[xMatters] table moved to Extra Tables below.\";\n      }\n      return item;\n  }\n\n  cols.map(function(col) {\n      if (col == \"impactedServicesTableRows\") {\n            bodyRows += '<tr><td>' + col + '</td><td><table>' + get(json[col], col) + '</table></td></tr>';\n      } else if (title == \"SearchResults\" && typeof(json[col]) === 'object') {\n          bodyRows += '<tr><td>' + col + '</td><td>' + JSON.stringify(json[col]) + '</td></tr>';\n      } else {\n            bodyRows += '<tr><td>' + col + '</td><td>' + get(json[col], col) + '</td></tr>';\n      }\n  });\n\n\n    console.log(`returning bodyRows: ${bodyRows}`);\n\n  return `<p><strong>${title}</strong></p><table>` +\n         bodyRows +\n         '</table>';\n}\n\n\nvar context    = data.alertContext;\nvar essentials = data.essentials;\n\nvar conditionArray        = [\"DEPRECATED - use Alert Context\"] //context.condition.allOf;\nvar conditionOutputMarkup = [\"DEPRECATED - use Alert Context\"] //processConditions( conditionArray );\n\nvar recipients = request.parameters.recipients;\noutput['Recipients'] = recipients;\n\nconsole.log(\"Preparing output.\");\n\noutput['Alert Name']        = essentials.alertRule;\noutput['Alert Description'] = essentials.description;\n\noutput['ID']                = essentials.alertId;\noutput['Monitor Condition'] = essentials.monitorCondition;\noutput['Monitoring Service'] = essentials.monitoringService;\noutput['Fired Time']        = essentials.firedDateTime;\noutput['Resolved Time' ]    = essentials.resolvedDateTime;\noutput['Severity']          = essentials.severity;\noutput['Condition Type']    = \"DEPRECATED - use Alert Context\"  //context.conditionType;\noutput['Display Time' ]     = ( essentials.firedDateTime ? essentials.firedDateTime : essentials.resolvedDateTime );\n\nvar metricOutput = '';\nfor (var i = 0; i <= conditionOutputMarkup.length - 1; i++) {\n    metricOutput += conditionOutputMarkup[i];\n}\n\nmetricOutput = json2table(context);\n\nconsole.log(\"metric output:\")\nconsole.log(metricOutput)\n\nif (extratables != \"\") {\n    metricOutput += \"<p><strong>Extra Tables</strong></p>\"\n    metricOutput += extratables\n}\n\n\n\nvar lng = metricOutput.length;\nif( lng > 20000 ) {\n    console.log( 'Too many characters for \"Metric Output: [' + lng + ']. Truncating.. ' );\n    output['AlertContext'] = metricOutput.substring( 0, 20000 );\n    output['AlertContext1'] = metricOutput.substring( 20000 );\n} else {\n    output['AlertContext'] = metricOutput;\n}\n\n\n\n\n\noutput['Window Size']         = \"DEPRECATED - use Alert Context\";\noutput['Subscription ID']     = essentials.alertId;\n//output['Resource Group Name'] = context.resourceGroupName;\noutput['Portal Link']         = 'https://portal.azure.com/#blade/Microsoft_Azure_Monitoring/AlertDetailsTemplateBlade/alertId/' + encodeURIComponent( essentials.alertId );\n\n\n\nvar maxConditionToDisplay = 3;\n\n function processConditions( conditionArray ) {\n    if( !conditionArray )\n       return \"\";\n       \n    var embeddedTable = new EmbeddedTable();\n    var count = 0;\n    for (var i = 0; i < conditionArray.length; i++) {\n        var condition = conditionArray[i];\n        if (condition) {\n            var title = condition.metricName;\n            var subtitle = condition.operator;\n            var body = condition.threshold;\n            embeddedTable.addRow(title, subtitle, body);\n            count++;\n        }\n        if (count >= maxConditionToDisplay) {\n            break;\n        }\n    }\n    return embeddedTable.getMarkup(2);\n}\n\n\n\n\n\n/*\n * The Embed Utility can be used to build embedded tables for email messages.\n *\n * Usage:\n * var embeddedTable = new (require('Embed Util')).EmbeddedTable();\n * embeddedTable.addRow('my title', 'my subtitle', 'my body');\n * var outputProperties = embeddedTable.getMarkup(5);\n */\n\n/**\n * Constructor for the EmbeddedTable\n *\n * @param {number} maxPropertyLength The maximum length of the properties that the markup will be stored in. Defaults to 20000\n * @returns {EmbeddedTable} The embedded table object\n */\nfunction EmbeddedTable(maxPropertyLength) {\n    this.maxPropertyLength = maxPropertyLength ? maxPropertyLength : 20000;\n    this.rows = [];\n    \n\n    /**\n     * Add a new row of data to the embedded table\n     * @param {string} title    The title for the element\n     * @param {string} subtitle A subtitle for the element\n     * @param {string} body     The body of the element\n     * @returns {null} nothing\n     */\n    this.addRow = function(title, subtitle, body) {\n        this.rows.push({\n            title: title,\n            subtitle: subtitle,\n            body: body\n        });\n    };\n    \n    /**\n     * Gets the markup for the embedded table\n     * @param  {number} maxProperties The number of properties available for the markup to be stored in\n     * @return {array<string>}               An array of strings with the markup for the embedded table\n     */\n    this.getMarkup = function(maxProperties) {\n        var outputProperties = ['<table>'];\n        var endString = '</table>';\n        for (var i = 0; i < this.rows.length; i++) {\n            var row = this.rows[i];\n            var element = '<tr class=\"table-border\">' +\n                '<td>' +\n                '<p><strong>' + row.title + '</strong></p>' +\n                '<p>' + row.subtitle + '</p>' +\n                '<p>' + row.body + '</p>' +\n                '</td>' +\n                '</tr>';\n    \n            if ((outputProperties[outputProperties.length - 1].length + element.length) > (this.maxPropertyLength - endString.length)) {\n                if (outputProperties.length < maxProperties) {\n                    outputProperties.push(element);\n                } else {\n                    console.log('Embed ran out of space');\n                    break;\n                }\n            } else {\n                outputProperties[outputProperties.length - 1] += element;\n            }\n        }\n        outputProperties[outputProperties.length - 1] += endString;\n        return outputProperties;\n    };  \n    \n    return this;\n}\n",
    "allowedEnvironment": "HOSTED",
    "accessibleByAll": "NotShared",
    "triggerAuthType": "URL_AUTH",
    "scriptStepType": "CUSTOM_HTTP",
    "inputs": [],
    "outputs": [
      {
        "id": "5b00d1b0-3f66-42ca-a9a6-8aec014d7344",
        "name": "Alert Description",
        "description": "",
        "position": 0
      },
      {
        "id": "beaf995d-47d5-4a60-82c1-d0a8271a975b",
        "name": "Alert Name",
        "description": "",
        "position": 1
      },
      {
        "id": "adf36976-9511-4a8a-911c-bad1c182174e",
        "name": "Condition Type",
        "description": "",
        "position": 2
      },
      {
        "id": "d72c1393-710e-45ae-b58d-40ff811e1665",
        "name": "Fired Time",
        "description": "",
        "position": 3
      },
      {
        "id": "880aa6d9-e8ef-4ce1-9e90-222e9892f08d",
        "name": "ID",
        "description": "",
        "position": 4
      },
      {
        "id": "66da2906-1120-4cd3-9a05-4809b715b7e5",
        "name": "Metric Output",
        "description": "",
        "position": 5
      },
      {
        "id": "b9d61496-54cb-4d10-a862-1b69d8c60a5b",
        "name": "Portal Link",
        "description": "",
        "position": 6
      },
      {
        "id": "94a28bf4-e1a3-4718-a42f-876acc056e08",
        "name": "Resolved Time",
        "description": "",
        "position": 7
      },
      {
        "id": "a68db554-a888-454d-aa3f-7eaad4974735",
        "name": "Severity",
        "description": "",
        "position": 8
      },
      {
        "id": "fe8bf68e-d448-420c-adaa-c266d2558994",
        "name": "Subscription ID",
        "description": "",
        "position": 9
      },
      {
        "id": "09773fa8-1114-4e93-8381-a5d632764613",
        "name": "Timestamp",
        "description": "",
        "position": 10
      },
      {
        "id": "f0e7120a-5410-4dee-8902-6814694804e9",
        "name": "Recipients",
        "description": "",
        "position": 11
      },
      {
        "id": "25c90a13-a169-4828-8b5a-86f48425aead",
        "name": "Monitor Condition",
        "description": "",
        "position": 12
      },
      {
        "id": "72223335-7b9e-42d2-b17f-f22fd322527d",
        "name": "Monitoring Service",
        "description": "",
        "position": 13
      },
      {
        "id": "b4c5ab70-08bf-4936-8d70-b7e901d30417",
        "name": "AlertContext",
        "position": 14
      },
      {
        "id": "797585dd-2ba2-49e1-96cd-245ebf9f5cf2",
        "name": "AlertContext1",
        "position": 15
      }
    ],
    "libraries": []
  }
]