{
  "name": "Integrated Alert",
  "form": "f921fbbb-1c32-4c1b-8c9d-31741a328834",
  "blocks": [
    {
      "id": "76ef9659-0bd0-40f7-a257-570f0e805984",
      "label": "Events Found?",
      "environment": "HOSTED",
      "presentation": "{\"w\":60,\"x\":510,\"h\":60,\"y\":-67}",
      "stepType": "SWITCH",
      "inputMappings": [
        {
          "inputPort": "input",
          "mapping": "${5124ba57-a147-4297-879d-d4147a22814e.Total Event Count}"
        }
      ],
      "switchCases": [
        {
          "caseId": "3d7edd0b-0a8a-436a-8745-679f5db29264",
          "caseValue": "0"
        }
      ]
    },
    {
      "id": "5124ba57-a147-4297-879d-d4147a22814e",
      "label": "Get Events",
      "environment": "HOSTED",
      "presentation": "{\"w\":60,\"x\":340,\"h\":60,\"y\":81}",
      "step": "f36cf6ba-2225-5cb3-831f-030a05527c72",
      "stepType": "SCRIPT_STEP",
      "inputMappings": [
        {
          "inputPort": "input",
          "mapping": "ACTIVE",
          "stepInput": "fa86536b-3508-56de-884b-503596bd64c2"
        },
        {
          "inputPort": "input",
          "mapping": "ID#en",
          "stepInput": "72cd05cc-dfe2-5933-b85c-edcf1df9f56f"
        },
        {
          "inputPort": "input",
          "mapping": "${d8814933-a531-4acc-a139-1aed31d32a88.ID}",
          "stepInput": "b58893a5-ffaf-502d-982b-613dcd7b2232"
        },
        {
          "inputPort": "input",
          "mapping": "FALSE",
          "stepInput": "3bb89cc9-b89f-5291-9c54-1da7bc6c051a"
        }
      ]
    },
    {
      "id": "d8814933-a531-4acc-a139-1aed31d32a88",
      "label": "Integrated Alert - Azure Monitor Inbound",
      "environment": "HOSTED",
      "presentation": "{\"w\":60,\"x\":-105,\"h\":60,\"y\":-3}",
      "step": "4e1c42bf-7d6c-4e4d-9f65-27d2490f67ef",
      "stepType": "INTEGRATION"
    },
    {
      "id": "3299abee-1491-4b42-8ec5-4d549f8ddeee",
      "label": "Switch",
      "environment": "HOSTED",
      "presentation": "{\"w\":60,\"x\":69,\"h\":60,\"y\":12}",
      "stepType": "SWITCH",
      "inputMappings": [
        {
          "inputPort": "input",
          "mapping": "${d8814933-a531-4acc-a139-1aed31d32a88.Monitor Condition}"
        }
      ],
      "switchCases": [
        {
          "caseId": "3df63dc0-d8ce-4d96-8d0d-e023a6e7eaa6",
          "caseValue": "Resolved"
        }
      ]
    },
    {
      "id": "ce4495f4-0505-42ac-b541-3f7e4c6ad1fa",
      "label": "Terminate Events",
      "environment": "HOSTED",
      "presentation": "{\"w\":60,\"x\":699,\"h\":60,\"y\":218}",
      "step": "798e3053-b4b4-5e8c-ba84-8a11c3be6237",
      "stepType": "SCRIPT_STEP",
      "inputMappings": [
        {
          "inputPort": "input",
          "mapping": "${5124ba57-a147-4297-879d-d4147a22814e.Event IDs}",
          "stepInput": "4fdf2591-4925-5682-8911-f0163d7f98dd"
        }
      ]
    },
    {
      "id": "91eea14c-b47a-4141-9711-8aacb79ef4df",
      "label": "xMatters Create Event - Integrated Alert",
      "environment": "HOSTED",
      "presentation": "{\"w\":60,\"x\":350,\"h\":60,\"y\":387}",
      "step": "f921fbbb-1c32-4c1b-8c9d-31741a328834",
      "stepType": "CREATE_EVENT",
      "inputMappings": [
        {
          "inputPort": "input",
          "mapping": "${d8814933-a531-4acc-a139-1aed31d32a88.Monitoring Service}",
          "sectionItemKey": "a3eff03f-57a9-4a0f-b440-58f44856de9b"
        },
        {
          "inputPort": "input",
          "mapping": "${d8814933-a531-4acc-a139-1aed31d32a88.Timestamp}",
          "sectionItemKey": "822a6e3b-e32f-4338-8249-e68bff6b6414"
        },
        {
          "inputPort": "input",
          "mapping": "${d8814933-a531-4acc-a139-1aed31d32a88.Portal Link}",
          "sectionItemKey": "b806a0de-ac9c-4fb5-b4bf-2046e3791203"
        },
        {
          "inputPort": "input",
          "mapping": "${d8814933-a531-4acc-a139-1aed31d32a88.Fired Time}",
          "sectionItemKey": "2e21ab68-f040-4aab-90cb-636d783ac16c"
        },
        {
          "inputPort": "input",
          "mapping": "${d8814933-a531-4acc-a139-1aed31d32a88.Recipients}",
          "sectionItemKey": "recipients"
        },
        {
          "inputPort": "input",
          "mapping": "${d8814933-a531-4acc-a139-1aed31d32a88.Alert Description}",
          "sectionItemKey": "1f5ad11b-885d-479d-8df5-3f907ebfa2bb"
        },
        {
          "inputPort": "input",
          "mapping": "${d8814933-a531-4acc-a139-1aed31d32a88.Alert Name}",
          "sectionItemKey": "1090079d-b75b-45f0-93b5-8d2646e7f8db"
        },
        {
          "inputPort": "input",
          "mapping": "${d8814933-a531-4acc-a139-1aed31d32a88.Subscription ID}",
          "sectionItemKey": "0dc693c6-1bad-4ada-9570-11e2837b85e6"
        },
        {
          "inputPort": "input",
          "mapping": "${d8814933-a531-4acc-a139-1aed31d32a88.Condition Type}",
          "sectionItemKey": "fff5319e-8f0c-4e3d-ae39-c6c263d5c451"
        },
        {
          "inputPort": "input",
          "mapping": "${d8814933-a531-4acc-a139-1aed31d32a88.Severity}",
          "sectionItemKey": "b67262dc-f6a7-4a55-9d26-9aa4fbcd64f5"
        },
        {
          "inputPort": "input",
          "mapping": "${d8814933-a531-4acc-a139-1aed31d32a88.ID}",
          "sectionItemKey": "b49ddc8c-e9b4-4fdd-a948-0438afe004c2"
        },
        {
          "inputPort": "input",
          "mapping": "${d8814933-a531-4acc-a139-1aed31d32a88.Metric Output}",
          "sectionItemKey": "f7afc487-7fd3-437e-b0bd-1617fc6729c0"
        },
        {
          "inputPort": "input",
          "mapping": "${d8814933-a531-4acc-a139-1aed31d32a88.Monitor Condition}",
          "sectionItemKey": "a5655132-1b70-4295-91ef-0d5aa4382873"
        },
        {
          "inputPort": "input",
          "mapping": "${d8814933-a531-4acc-a139-1aed31d32a88.Resolved Time}",
          "sectionItemKey": "82e2a48d-92df-4f07-8818-09d8f314267e"
        }
      ]
    }
  ],
  "edges": [
    {
      "fromBlock": "d8814933-a531-4acc-a139-1aed31d32a88",
      "fromPort": "output",
      "toBlock": "3299abee-1491-4b42-8ec5-4d549f8ddeee",
      "toPort": "input"
    },
    {
      "fromBlock": "3299abee-1491-4b42-8ec5-4d549f8ddeee",
      "fromPort": "output",
      "toBlock": "91eea14c-b47a-4141-9711-8aacb79ef4df",
      "toPort": "input"
    },
    {
      "fromBlock": "3299abee-1491-4b42-8ec5-4d549f8ddeee",
      "fromPort": "3df63dc0-d8ce-4d96-8d0d-e023a6e7eaa6",
      "toBlock": "5124ba57-a147-4297-879d-d4147a22814e",
      "toPort": "input"
    },
    {
      "fromBlock": "5124ba57-a147-4297-879d-d4147a22814e",
      "fromPort": "output",
      "toBlock": "76ef9659-0bd0-40f7-a257-570f0e805984",
      "toPort": "input"
    },
    {
      "fromBlock": "76ef9659-0bd0-40f7-a257-570f0e805984",
      "fromPort": "output",
      "toBlock": "ce4495f4-0505-42ac-b541-3f7e4c6ad1fa",
      "toPort": "input"
    }
  ]
}