{
  "name": "Integrated Alert",
  "form": "29cb6aab-cf40-4d2c-b69b-886fcc18bb11",
  "blocks": [
    {
      "id": "2ea4a2fc-baae-464c-99ba-ab6b257e2964",
      "label": "Events Found?",
      "environment": "HOSTED",
      "presentation": "{\"w\":60,\"x\":510,\"h\":60,\"y\":-67}",
      "stepType": "SWITCH",
      "inputMappings": [
        {
          "inputPort": "input",
          "mapping": "${9652a117-7354-44a5-bc89-5dbe585cabc6.Total Event Count}"
        }
      ],
      "switchCases": [
        {
          "caseId": "be011150-4f1d-472f-afd4-4ef46e749735",
          "caseValue": "0"
        }
      ]
    },
    {
      "id": "9652a117-7354-44a5-bc89-5dbe585cabc6",
      "label": "Get Events",
      "environment": "HOSTED",
      "presentation": "{\"w\":60,\"x\":340,\"h\":60,\"y\":81}",
      "step": "f36cf6ba-2225-5cb3-831f-030a05527c72",
      "stepType": "SCRIPT_STEP",
      "inputMappings": [
        {
          "inputPort": "input",
          "mapping": "ACTIVE",
          "stepInput": "fa86536b-3508-56de-884b-503596bd64c2"
        },
        {
          "inputPort": "input",
          "mapping": "ID#en",
          "stepInput": "72cd05cc-dfe2-5933-b85c-edcf1df9f56f"
        },
        {
          "inputPort": "input",
          "mapping": "${6188e2a2-78d9-41e0-ad38-26a2ba011b5c.ID}",
          "stepInput": "b58893a5-ffaf-502d-982b-613dcd7b2232"
        },
        {
          "inputPort": "input",
          "mapping": "FALSE",
          "stepInput": "3bb89cc9-b89f-5291-9c54-1da7bc6c051a"
        }
      ]
    },
    {
      "id": "6188e2a2-78d9-41e0-ad38-26a2ba011b5c",
      "label": "Integrated Alert - Azure Monitor Inbound",
      "environment": "HOSTED",
      "presentation": "{\"w\":60,\"x\":-104,\"h\":60,\"y\":-3}",
      "step": "d5afdb33-459b-4c0e-b5a6-c165fb7c2878",
      "stepType": "INTEGRATION"
    },
    {
      "id": "c5b59dd9-5d5e-40dc-881b-df465d6bc5e9",
      "label": "Switch",
      "environment": "HOSTED",
      "presentation": "{\"w\":60,\"x\":69,\"h\":60,\"y\":12}",
      "stepType": "SWITCH",
      "inputMappings": [
        {
          "inputPort": "input",
          "mapping": "${6188e2a2-78d9-41e0-ad38-26a2ba011b5c.Monitor Condition}"
        }
      ],
      "switchCases": [
        {
          "caseId": "931bfe51-0219-4774-a8a9-61f75131fd5d",
          "caseValue": "Resolved"
        }
      ]
    },
    {
      "id": "4e9a12d1-264f-4cc2-b4f3-63946e92db54",
      "label": "Terminate Events",
      "environment": "HOSTED",
      "presentation": "{\"w\":60,\"x\":699,\"h\":60,\"y\":218}",
      "step": "798e3053-b4b4-5e8c-ba84-8a11c3be6237",
      "stepType": "SCRIPT_STEP",
      "inputMappings": [
        {
          "inputPort": "input",
          "mapping": "${9652a117-7354-44a5-bc89-5dbe585cabc6.Event IDs}",
          "stepInput": "4fdf2591-4925-5682-8911-f0163d7f98dd"
        }
      ]
    },
    {
      "id": "71356417-9720-4289-8986-361d06882217",
      "label": "xMatters Create Event - Integrated Alert",
      "environment": "HOSTED",
      "presentation": "{\"w\":60,\"x\":350,\"h\":60,\"y\":387}",
      "step": "29cb6aab-cf40-4d2c-b69b-886fcc18bb11",
      "stepType": "CREATE_EVENT",
      "inputMappings": [
        {
          "inputPort": "input",
          "mapping": "${6188e2a2-78d9-41e0-ad38-26a2ba011b5c.Alert Description}",
          "sectionItemKey": "8d4bced2-9f63-4a00-af8d-fe7592108db6"
        },
        {
          "inputPort": "input",
          "mapping": "${6188e2a2-78d9-41e0-ad38-26a2ba011b5c.Alert Name}",
          "sectionItemKey": "a85c2ca3-4c6a-4b04-b84c-645992b98881"
        },
        {
          "inputPort": "input",
          "mapping": "${6188e2a2-78d9-41e0-ad38-26a2ba011b5c.Condition Type}",
          "sectionItemKey": "316ac449-1560-4287-bfb6-ebe7250cdeef"
        },
        {
          "inputPort": "input",
          "mapping": "${6188e2a2-78d9-41e0-ad38-26a2ba011b5c.AlertContext1}",
          "sectionItemKey": "3dbe1d94-d210-430b-b6e5-982b371a77f9"
        },
        {
          "inputPort": "input",
          "mapping": "${6188e2a2-78d9-41e0-ad38-26a2ba011b5c.Subscription ID}",
          "sectionItemKey": "e1193c26-f1e4-4940-9819-00d3c672d836"
        },
        {
          "inputPort": "input",
          "mapping": "${6188e2a2-78d9-41e0-ad38-26a2ba011b5c.Resolved Time}",
          "sectionItemKey": "260c7a71-6def-490c-98ad-dbccab3abca9"
        },
        {
          "inputPort": "input",
          "mapping": "${6188e2a2-78d9-41e0-ad38-26a2ba011b5c.Portal Link}",
          "sectionItemKey": "394a71e4-fdb5-4d79-88ca-684d7c57ae9a"
        },
        {
          "inputPort": "input",
          "mapping": "${6188e2a2-78d9-41e0-ad38-26a2ba011b5c.Timestamp}",
          "sectionItemKey": "559013a0-765b-4c3d-a770-a9d37b66dd13"
        },
        {
          "inputPort": "input",
          "mapping": "${6188e2a2-78d9-41e0-ad38-26a2ba011b5c.Monitor Condition}",
          "sectionItemKey": "4be5c3fa-8f21-4669-aacc-64152f5463e2"
        },
        {
          "inputPort": "input",
          "mapping": "${6188e2a2-78d9-41e0-ad38-26a2ba011b5c.Recipients}",
          "sectionItemKey": "recipients"
        },
        {
          "inputPort": "input",
          "mapping": "${6188e2a2-78d9-41e0-ad38-26a2ba011b5c.Monitoring Service}",
          "sectionItemKey": "052e5f1a-fa8f-4d29-a299-7ce0334a891a"
        },
        {
          "inputPort": "input",
          "mapping": "${6188e2a2-78d9-41e0-ad38-26a2ba011b5c.AlertContext}",
          "sectionItemKey": "3f6cbc5c-33a0-4b86-9b2d-774a4a3ebd23"
        },
        {
          "inputPort": "input",
          "mapping": "${6188e2a2-78d9-41e0-ad38-26a2ba011b5c.Metric Output}",
          "sectionItemKey": "edfe50e1-788d-45ee-8758-c4ebec4c7adf"
        },
        {
          "inputPort": "input",
          "mapping": "${6188e2a2-78d9-41e0-ad38-26a2ba011b5c.Severity}",
          "sectionItemKey": "b19ee9ed-1a22-430a-a6a3-75dd6d775ff9"
        },
        {
          "inputPort": "input",
          "mapping": "${6188e2a2-78d9-41e0-ad38-26a2ba011b5c.ID}",
          "sectionItemKey": "c93019b8-a4e2-4011-875f-5e3224f8f098"
        },
        {
          "inputPort": "input",
          "mapping": "${6188e2a2-78d9-41e0-ad38-26a2ba011b5c.Fired Time}",
          "sectionItemKey": "b32e5608-26ad-45e6-879d-909246406eff"
        }
      ]
    }
  ],
  "edges": [
    {
      "fromBlock": "9652a117-7354-44a5-bc89-5dbe585cabc6",
      "fromPort": "output",
      "toBlock": "2ea4a2fc-baae-464c-99ba-ab6b257e2964",
      "toPort": "input"
    },
    {
      "fromBlock": "c5b59dd9-5d5e-40dc-881b-df465d6bc5e9",
      "fromPort": "931bfe51-0219-4774-a8a9-61f75131fd5d",
      "toBlock": "9652a117-7354-44a5-bc89-5dbe585cabc6",
      "toPort": "input"
    },
    {
      "fromBlock": "c5b59dd9-5d5e-40dc-881b-df465d6bc5e9",
      "fromPort": "output",
      "toBlock": "71356417-9720-4289-8986-361d06882217",
      "toPort": "input"
    },
    {
      "fromBlock": "2ea4a2fc-baae-464c-99ba-ab6b257e2964",
      "fromPort": "output",
      "toBlock": "4e9a12d1-264f-4cc2-b4f3-63946e92db54",
      "toPort": "input"
    },
    {
      "fromBlock": "6188e2a2-78d9-41e0-ad38-26a2ba011b5c",
      "fromPort": "output",
      "toBlock": "c5b59dd9-5d5e-40dc-881b-df465d6bc5e9",
      "toPort": "input"
    }
  ]
}