{
  "name": "Integrated Alert",
  "description": "",
  "form": "7bbe5398-e538-47d1-bf1d-a2c958a960ef",
  "blocks": [
    {
      "id": "f9b51cc1-f288-41c3-8e91-d41a372196b0",
      "label": "Events Found?",
      "environment": "HOSTED",
      "presentation": "{\"w\":60,\"x\":660,\"h\":60,\"y\":205}",
      "stepType": "SWITCH",
      "inputMappings": [
        {
          "inputPort": "input",
          "mapping": "${4da66d17-742b-4a4a-96f0-74f0ea4c38de.Total Event Count}"
        }
      ],
      "switchCases": [
        {
          "caseId": "4575cc2a-ba24-4f6e-a4d0-64fe1afdea58",
          "caseValue": "0"
        }
      ]
    },
    {
      "id": "4da66d17-742b-4a4a-96f0-74f0ea4c38de",
      "label": "Get Events",
      "environment": "HOSTED",
      "presentation": "{\"w\":60,\"x\":440,\"h\":60,\"y\":190}",
      "step": "f36cf6ba-2225-5cb3-831f-030a05527c72",
      "stepType": "SCRIPT_STEP",
      "inputMappings": [
        {
          "inputPort": "input",
          "mapping": "ACTIVE",
          "stepInput": "fa86536b-3508-56de-884b-503596bd64c2"
        },
        {
          "inputPort": "input",
          "mapping": "ID#en",
          "stepInput": "72cd05cc-dfe2-5933-b85c-edcf1df9f56f"
        },
        {
          "inputPort": "input",
          "mapping": "${2c5227f4-be44-442f-b6dd-9fa2fc4f066c.ID}",
          "stepInput": "b58893a5-ffaf-502d-982b-613dcd7b2232"
        },
        {
          "inputPort": "input",
          "mapping": "FALSE",
          "stepInput": "3bb89cc9-b89f-5291-9c54-1da7bc6c051a"
        }
      ]
    },
    {
      "id": "2c5227f4-be44-442f-b6dd-9fa2fc4f066c",
      "label": "Integrated Alert - Azure Monitor Inbound",
      "environment": "HOSTED",
      "presentation": "{\"w\":60,\"x\":-1,\"h\":60,\"y\":40}",
      "step": "8e27116e-694f-4cba-96ba-397568c3840c",
      "stepType": "INTEGRATION"
    },
    {
      "id": "81b6d239-01dc-445e-a05e-93e7339bf4d8",
      "label": "Switch",
      "environment": "HOSTED",
      "presentation": "{\"w\":60,\"x\":220,\"h\":60,\"y\":55}",
      "stepType": "SWITCH",
      "inputMappings": [
        {
          "inputPort": "input",
          "mapping": "${2c5227f4-be44-442f-b6dd-9fa2fc4f066c.Monitor Condition}"
        }
      ],
      "switchCases": [
        {
          "caseId": "a982f447-27c6-4d89-901f-69e71eeaae5d",
          "caseValue": "Resolved"
        }
      ]
    },
    {
      "id": "6591cc83-cb1a-4386-8a80-01e4b51f62c4",
      "label": "Terminate Events",
      "environment": "HOSTED",
      "presentation": "{\"w\":60,\"x\":880,\"h\":60,\"y\":490}",
      "step": "798e3053-b4b4-5e8c-ba84-8a11c3be6237",
      "stepType": "SCRIPT_STEP",
      "inputMappings": [
        {
          "inputPort": "input",
          "mapping": "${4da66d17-742b-4a4a-96f0-74f0ea4c38de.Event IDs}",
          "stepInput": "4fdf2591-4925-5682-8911-f0163d7f98dd"
        }
      ]
    },
    {
      "id": "c51541de-1978-45ad-a1d0-ffd1e6a960e7",
      "label": "xMatters Create Event - Integrated Alert",
      "environment": "HOSTED",
      "presentation": "{\"w\":60,\"x\":440,\"h\":60,\"y\":340}",
      "step": "7bbe5398-e538-47d1-bf1d-a2c958a960ef",
      "stepType": "CREATE_EVENT",
      "inputMappings": [
        {
          "inputPort": "input",
          "mapping": "${2c5227f4-be44-442f-b6dd-9fa2fc4f066c.Alert Description}",
          "sectionItemKey": "9572a9ad-c1d2-462a-b9ec-572f8063957d"
        },
        {
          "inputPort": "input",
          "mapping": "${2c5227f4-be44-442f-b6dd-9fa2fc4f066c.Condition Type}",
          "sectionItemKey": "51d56adb-9fbc-428f-acf8-ba529513a95b"
        },
        {
          "inputPort": "input",
          "mapping": "${2c5227f4-be44-442f-b6dd-9fa2fc4f066c.Severity}",
          "sectionItemKey": "6f574c56-7ed3-4412-8d8b-1f94792f4cd6"
        },
        {
          "inputPort": "input",
          "mapping": "${2c5227f4-be44-442f-b6dd-9fa2fc4f066c.Monitor Condition}",
          "sectionItemKey": "a32b8a63-52e6-4dae-b486-103f89e52b43"
        },
        {
          "inputPort": "input",
          "mapping": "${2c5227f4-be44-442f-b6dd-9fa2fc4f066c.Fired Time}",
          "sectionItemKey": "b12b2e77-73d9-4c15-be16-0d5a12abe148"
        },
        {
          "inputPort": "input",
          "mapping": "${2c5227f4-be44-442f-b6dd-9fa2fc4f066c.Monitoring Service}",
          "sectionItemKey": "e1ca33fd-722d-4958-a94f-2213c76f906d"
        },
        {
          "inputPort": "input",
          "mapping": "${2c5227f4-be44-442f-b6dd-9fa2fc4f066c.ID}",
          "sectionItemKey": "6d91849c-20ae-40ad-a8a9-2aa9ceab5beb"
        },
        {
          "inputPort": "input",
          "mapping": "${2c5227f4-be44-442f-b6dd-9fa2fc4f066c.Alert Name}",
          "sectionItemKey": "813b19b6-f27b-4df9-9a48-c5bb6a937452"
        },
        {
          "inputPort": "input",
          "mapping": "${2c5227f4-be44-442f-b6dd-9fa2fc4f066c.AlertContext}",
          "sectionItemKey": "1a96f60e-dd22-4444-82ab-b06729325529"
        },
        {
          "inputPort": "input",
          "mapping": "${2c5227f4-be44-442f-b6dd-9fa2fc4f066c.Resolved Time}",
          "sectionItemKey": "f0c1b415-9e0e-447b-876c-37e9d53f4ddd"
        },
        {
          "inputPort": "input",
          "mapping": "${2c5227f4-be44-442f-b6dd-9fa2fc4f066c.Portal Link}",
          "sectionItemKey": "f020f39e-2d2c-486c-93e2-9f5b61e813fc"
        },
        {
          "inputPort": "input",
          "mapping": "${2c5227f4-be44-442f-b6dd-9fa2fc4f066c.AlertContext1}",
          "sectionItemKey": "5aae8aad-8bdd-4ac8-a80b-761f27ba75a2"
        },
        {
          "inputPort": "input",
          "mapping": "${2c5227f4-be44-442f-b6dd-9fa2fc4f066c.Metric Output}",
          "sectionItemKey": "47097fa4-3caf-4dd0-87f9-31a3fc6d78a7"
        },
        {
          "inputPort": "input",
          "mapping": "${2c5227f4-be44-442f-b6dd-9fa2fc4f066c.Recipients}",
          "sectionItemKey": "recipients"
        },
        {
          "inputPort": "input",
          "mapping": "${2c5227f4-be44-442f-b6dd-9fa2fc4f066c.Subscription ID}",
          "sectionItemKey": "8cc76954-e50e-428b-bbdc-042e60af126f"
        },
        {
          "inputPort": "input",
          "mapping": "${2c5227f4-be44-442f-b6dd-9fa2fc4f066c.Timestamp}",
          "sectionItemKey": "a1dc4da9-4b4a-4bc0-b57c-a7e72adc8c16"
        }
      ]
    }
  ],
  "edges": [
    {
      "fromBlock": "81b6d239-01dc-445e-a05e-93e7339bf4d8",
      "fromPort": "output",
      "toBlock": "c51541de-1978-45ad-a1d0-ffd1e6a960e7",
      "toPort": "input"
    },
    {
      "fromBlock": "81b6d239-01dc-445e-a05e-93e7339bf4d8",
      "fromPort": "a982f447-27c6-4d89-901f-69e71eeaae5d",
      "toBlock": "4da66d17-742b-4a4a-96f0-74f0ea4c38de",
      "toPort": "input"
    },
    {
      "fromBlock": "f9b51cc1-f288-41c3-8e91-d41a372196b0",
      "fromPort": "output",
      "toBlock": "6591cc83-cb1a-4386-8a80-01e4b51f62c4",
      "toPort": "input"
    },
    {
      "fromBlock": "2c5227f4-be44-442f-b6dd-9fa2fc4f066c",
      "fromPort": "output",
      "toBlock": "81b6d239-01dc-445e-a05e-93e7339bf4d8",
      "toPort": "input"
    },
    {
      "fromBlock": "4da66d17-742b-4a4a-96f0-74f0ea4c38de",
      "fromPort": "output",
      "toBlock": "f9b51cc1-f288-41c3-8e91-d41a372196b0",
      "toPort": "input"
    }
  ]
}