{
  "name": "Integrated Alert",
  "form": "d5c3daf7-7ff9-4607-97d1-10296f4a5d8e",
  "blocks": [
    {
      "id": "3672cddd-13f8-423e-9208-e7c373fae32a",
      "label": "Events Found?",
      "environment": "HOSTED",
      "presentation": "{\"w\":60,\"x\":510,\"h\":60,\"y\":-67}",
      "stepType": "SWITCH",
      "inputMappings": [
        {
          "inputPort": "input",
          "mapping": "${b4d303a6-248d-4aea-9051-6ad78e04e5a7.Total Event Count}"
        }
      ],
      "switchCases": [
        {
          "caseId": "0d69b690-2557-4640-9bd3-8ada0b29780f",
          "caseValue": "0"
        }
      ]
    },
    {
      "id": "b4d303a6-248d-4aea-9051-6ad78e04e5a7",
      "label": "Get Events",
      "environment": "HOSTED",
      "presentation": "{\"w\":60,\"x\":340,\"h\":60,\"y\":81}",
      "step": "f36cf6ba-2225-5cb3-831f-030a05527c72",
      "stepType": "SCRIPT_STEP",
      "inputMappings": [
        {
          "inputPort": "input",
          "mapping": "ACTIVE",
          "stepInput": "fa86536b-3508-56de-884b-503596bd64c2"
        },
        {
          "inputPort": "input",
          "mapping": "ID#en",
          "stepInput": "72cd05cc-dfe2-5933-b85c-edcf1df9f56f"
        },
        {
          "inputPort": "input",
          "mapping": "${fee84a54-4258-4af3-bf84-a9f2810af065.ID}",
          "stepInput": "b58893a5-ffaf-502d-982b-613dcd7b2232"
        },
        {
          "inputPort": "input",
          "mapping": "FALSE",
          "stepInput": "3bb89cc9-b89f-5291-9c54-1da7bc6c051a"
        }
      ]
    },
    {
      "id": "fee84a54-4258-4af3-bf84-a9f2810af065",
      "label": "Integrated Alert - Azure Monitor Inbound",
      "environment": "HOSTED",
      "presentation": "{\"w\":60,\"x\":-104,\"h\":60,\"y\":-3}",
      "step": "51b58269-f023-4edd-8973-d78fd2d3a72c",
      "stepType": "INTEGRATION"
    },
    {
      "id": "6b5ce3fd-0597-4b8b-abb1-129b3a24aa0c",
      "label": "Switch",
      "environment": "HOSTED",
      "presentation": "{\"w\":60,\"x\":69,\"h\":60,\"y\":12}",
      "stepType": "SWITCH",
      "inputMappings": [
        {
          "inputPort": "input",
          "mapping": "${fee84a54-4258-4af3-bf84-a9f2810af065.Monitor Condition}"
        }
      ],
      "switchCases": [
        {
          "caseId": "34be3654-9442-4ef0-bb63-a1f335203fc2",
          "caseValue": "Resolved"
        }
      ]
    },
    {
      "id": "197e5234-c81c-43ff-bdf0-ed309e4af39b",
      "label": "Terminate Events",
      "environment": "HOSTED",
      "presentation": "{\"w\":60,\"x\":699,\"h\":60,\"y\":218}",
      "step": "798e3053-b4b4-5e8c-ba84-8a11c3be6237",
      "stepType": "SCRIPT_STEP",
      "inputMappings": [
        {
          "inputPort": "input",
          "mapping": "${b4d303a6-248d-4aea-9051-6ad78e04e5a7.Event IDs}",
          "stepInput": "4fdf2591-4925-5682-8911-f0163d7f98dd"
        }
      ]
    },
    {
      "id": "e1d6f9a3-4b1b-4264-8fb3-05e4b60e6546",
      "label": "xMatters Create Event - Integrated Alert",
      "environment": "HOSTED",
      "presentation": "{\"w\":60,\"x\":350,\"h\":60,\"y\":387}",
      "step": "d5c3daf7-7ff9-4607-97d1-10296f4a5d8e",
      "stepType": "CREATE_EVENT",
      "inputMappings": [
        {
          "inputPort": "input",
          "mapping": "${fee84a54-4258-4af3-bf84-a9f2810af065.AlertContext}",
          "sectionItemKey": "048baf79-fc5e-425f-b156-af8a3ab848a4"
        },
        {
          "inputPort": "input",
          "mapping": "${fee84a54-4258-4af3-bf84-a9f2810af065.Alert Name}",
          "sectionItemKey": "faf0a426-f4ee-42d9-ad20-b58f51ab1d25"
        },
        {
          "inputPort": "input",
          "mapping": "${fee84a54-4258-4af3-bf84-a9f2810af065.Alert Description}",
          "sectionItemKey": "0329cded-e28d-4418-8632-1a6f1e36f746"
        },
        {
          "inputPort": "input",
          "mapping": "${fee84a54-4258-4af3-bf84-a9f2810af065.Recipients}",
          "sectionItemKey": "recipients"
        },
        {
          "inputPort": "input",
          "mapping": "${fee84a54-4258-4af3-bf84-a9f2810af065.Metric Output}",
          "sectionItemKey": "7219d878-4d3f-42dc-aa61-6e9d689c7849"
        },
        {
          "inputPort": "input",
          "mapping": "${fee84a54-4258-4af3-bf84-a9f2810af065.Timestamp}",
          "sectionItemKey": "986130ef-bc75-4400-a19e-37ac65e156c1"
        },
        {
          "inputPort": "input",
          "mapping": "${fee84a54-4258-4af3-bf84-a9f2810af065.ID}",
          "sectionItemKey": "432a97b4-7fec-4b70-b4c9-ed8fc50a9046"
        },
        {
          "inputPort": "input",
          "mapping": "${fee84a54-4258-4af3-bf84-a9f2810af065.Monitoring Service}",
          "sectionItemKey": "3b9e01e4-2b0d-4965-8f18-0b5b71560c7c"
        },
        {
          "inputPort": "input",
          "mapping": "${fee84a54-4258-4af3-bf84-a9f2810af065.Portal Link}",
          "sectionItemKey": "97013794-1aa0-47c7-91c3-bbd3a1ff2877"
        },
        {
          "inputPort": "input",
          "mapping": "${fee84a54-4258-4af3-bf84-a9f2810af065.Resolved Time}",
          "sectionItemKey": "3fb05ecb-d283-4e10-854e-c57e2d5e0cd0"
        },
        {
          "inputPort": "input",
          "mapping": "${fee84a54-4258-4af3-bf84-a9f2810af065.AlertContext1}",
          "sectionItemKey": "b0449645-535d-4d4a-ac0e-1504a9213612"
        },
        {
          "inputPort": "input",
          "mapping": "${fee84a54-4258-4af3-bf84-a9f2810af065.Severity}",
          "sectionItemKey": "e3d61487-5b0e-4f9a-b976-a3fc75611026"
        },
        {
          "inputPort": "input",
          "mapping": "${fee84a54-4258-4af3-bf84-a9f2810af065.Fired Time}",
          "sectionItemKey": "f56de696-320b-4b71-abc5-fc28691701fd"
        },
        {
          "inputPort": "input",
          "mapping": "${fee84a54-4258-4af3-bf84-a9f2810af065.Subscription ID}",
          "sectionItemKey": "77fb64e1-63da-4fcf-a800-c89bc816b912"
        },
        {
          "inputPort": "input",
          "mapping": "${fee84a54-4258-4af3-bf84-a9f2810af065.Monitor Condition}",
          "sectionItemKey": "55259f2b-0edc-46fd-ad9d-9cf17f5b3b78"
        },
        {
          "inputPort": "input",
          "mapping": "${fee84a54-4258-4af3-bf84-a9f2810af065.Condition Type}",
          "sectionItemKey": "d616125d-1c40-4502-aaaa-e8fbcc260859"
        }
      ]
    }
  ],
  "edges": [
    {
      "fromBlock": "b4d303a6-248d-4aea-9051-6ad78e04e5a7",
      "fromPort": "output",
      "toBlock": "3672cddd-13f8-423e-9208-e7c373fae32a",
      "toPort": "input"
    },
    {
      "fromBlock": "fee84a54-4258-4af3-bf84-a9f2810af065",
      "fromPort": "output",
      "toBlock": "6b5ce3fd-0597-4b8b-abb1-129b3a24aa0c",
      "toPort": "input"
    },
    {
      "fromBlock": "3672cddd-13f8-423e-9208-e7c373fae32a",
      "fromPort": "output",
      "toBlock": "197e5234-c81c-43ff-bdf0-ed309e4af39b",
      "toPort": "input"
    },
    {
      "fromBlock": "6b5ce3fd-0597-4b8b-abb1-129b3a24aa0c",
      "fromPort": "34be3654-9442-4ef0-bb63-a1f335203fc2",
      "toBlock": "b4d303a6-248d-4aea-9051-6ad78e04e5a7",
      "toPort": "input"
    },
    {
      "fromBlock": "6b5ce3fd-0597-4b8b-abb1-129b3a24aa0c",
      "fromPort": "output",
      "toBlock": "e1d6f9a3-4b1b-4264-8fb3-05e4b60e6546",
      "toPort": "input"
    }
  ]
}