{
  "name": "Integrated Alert",
  "form": "87dc8244-e222-43b7-828d-ae78ea4d1aac",
  "blocks": [
    {
      "id": "a304977c-e1b6-45d7-aa8b-afbd6ae2f5dd",
      "label": "Events Found?",
      "environment": "HOSTED",
      "presentation": "{\"w\":60,\"x\":510,\"h\":60,\"y\":-67}",
      "stepType": "SWITCH",
      "inputMappings": [
        {
          "inputPort": "input",
          "mapping": "${d10bb1f8-c818-4563-a970-b08151af9210.Total Event Count}"
        }
      ],
      "switchCases": [
        {
          "caseId": "a5c36c1d-874b-4888-80f3-325f7d73f553",
          "caseValue": "0"
        }
      ]
    },
    {
      "id": "d10bb1f8-c818-4563-a970-b08151af9210",
      "label": "Get Events",
      "environment": "HOSTED",
      "presentation": "{\"w\":60,\"x\":340,\"h\":60,\"y\":81}",
      "step": "f36cf6ba-2225-5cb3-831f-030a05527c72",
      "stepType": "SCRIPT_STEP",
      "inputMappings": [
        {
          "inputPort": "input",
          "mapping": "ACTIVE",
          "stepInput": "fa86536b-3508-56de-884b-503596bd64c2"
        },
        {
          "inputPort": "input",
          "mapping": "ID#en",
          "stepInput": "72cd05cc-dfe2-5933-b85c-edcf1df9f56f"
        },
        {
          "inputPort": "input",
          "mapping": "${e42db0eb-ae74-4369-9f13-19c193acdc44.ID}",
          "stepInput": "b58893a5-ffaf-502d-982b-613dcd7b2232"
        },
        {
          "inputPort": "input",
          "mapping": "FALSE",
          "stepInput": "3bb89cc9-b89f-5291-9c54-1da7bc6c051a"
        }
      ]
    },
    {
      "id": "e42db0eb-ae74-4369-9f13-19c193acdc44",
      "label": "Integrated Alert - Azure Monitor Inbound",
      "environment": "HOSTED",
      "presentation": "{\"w\":60,\"x\":-105,\"h\":60,\"y\":-3}",
      "step": "db5a8c4b-dc97-4dc7-88e5-2628e4870ddc",
      "stepType": "INTEGRATION"
    },
    {
      "id": "e0ab6dc8-3d59-47d1-a906-f32f43b925e9",
      "label": "Switch",
      "environment": "HOSTED",
      "presentation": "{\"w\":60,\"x\":69,\"h\":60,\"y\":12}",
      "stepType": "SWITCH",
      "inputMappings": [
        {
          "inputPort": "input",
          "mapping": "${e42db0eb-ae74-4369-9f13-19c193acdc44.Monitor Condition}"
        }
      ],
      "switchCases": [
        {
          "caseId": "4c28b60c-0434-4537-ab0b-028c4aa98370",
          "caseValue": "Resolved"
        }
      ]
    },
    {
      "id": "3f66a903-dff5-4b89-b8af-f6ae305b7236",
      "label": "Terminate Events",
      "environment": "HOSTED",
      "presentation": "{\"w\":60,\"x\":699,\"h\":60,\"y\":218}",
      "step": "798e3053-b4b4-5e8c-ba84-8a11c3be6237",
      "stepType": "SCRIPT_STEP",
      "inputMappings": [
        {
          "inputPort": "input",
          "mapping": "${d10bb1f8-c818-4563-a970-b08151af9210.Event IDs}",
          "stepInput": "4fdf2591-4925-5682-8911-f0163d7f98dd"
        }
      ]
    },
    {
      "id": "c858b470-1c5c-40c2-80b6-d9d8215ab105",
      "label": "xMatters Create Event - Integrated Alert",
      "environment": "HOSTED",
      "presentation": "{\"w\":60,\"x\":350,\"h\":60,\"y\":387}",
      "step": "87dc8244-e222-43b7-828d-ae78ea4d1aac",
      "stepType": "CREATE_EVENT",
      "inputMappings": [
        {
          "inputPort": "input",
          "mapping": "${e42db0eb-ae74-4369-9f13-19c193acdc44.Portal Link}",
          "sectionItemKey": "f7ce1e76-ee6f-4289-a50e-5cec0f7a41ca"
        },
        {
          "inputPort": "input",
          "mapping": "${e42db0eb-ae74-4369-9f13-19c193acdc44.Severity}",
          "sectionItemKey": "0a49b6d0-5867-4554-8181-9b7a9bed776b"
        },
        {
          "inputPort": "input",
          "mapping": "${e42db0eb-ae74-4369-9f13-19c193acdc44.Resolved Time}",
          "sectionItemKey": "7150468c-4aad-4552-a43c-0b961e9689c1"
        },
        {
          "inputPort": "input",
          "mapping": "${e42db0eb-ae74-4369-9f13-19c193acdc44.Monitoring Service}",
          "sectionItemKey": "434ebbb2-9b41-49af-913d-bf532a7f317e"
        },
        {
          "inputPort": "input",
          "mapping": "${e42db0eb-ae74-4369-9f13-19c193acdc44.Alert Description}",
          "sectionItemKey": "dbdc018b-1ad9-4198-9a18-1ccef6386237"
        },
        {
          "inputPort": "input",
          "mapping": "${e42db0eb-ae74-4369-9f13-19c193acdc44.Metric Output}",
          "sectionItemKey": "3e2a52b2-5033-4eb3-ace9-b92dce8a3e61"
        },
        {
          "inputPort": "input",
          "mapping": "${e42db0eb-ae74-4369-9f13-19c193acdc44.Subscription ID}",
          "sectionItemKey": "0b55deb9-04af-4022-bf0a-96b86a7acc3b"
        },
        {
          "inputPort": "input",
          "mapping": "${e42db0eb-ae74-4369-9f13-19c193acdc44.Condition Type}",
          "sectionItemKey": "e3a9e6fd-039c-441a-9525-f60b3557dfdb"
        },
        {
          "inputPort": "input",
          "mapping": "${e42db0eb-ae74-4369-9f13-19c193acdc44.Alert Name}",
          "sectionItemKey": "5fa43658-2b79-468b-afce-cb5e3b9946e9"
        },
        {
          "inputPort": "input",
          "mapping": "${e42db0eb-ae74-4369-9f13-19c193acdc44.Monitor Condition}",
          "sectionItemKey": "3e1d1616-5a44-457e-bea7-8651519d9e49"
        },
        {
          "inputPort": "input",
          "mapping": "${e42db0eb-ae74-4369-9f13-19c193acdc44.ID}",
          "sectionItemKey": "947fc08f-bb58-4542-ac4d-4b92b3024893"
        },
        {
          "inputPort": "input",
          "mapping": "${e42db0eb-ae74-4369-9f13-19c193acdc44.Fired Time}",
          "sectionItemKey": "226d80f4-d591-44b3-977c-b6bbbf289213"
        },
        {
          "inputPort": "input",
          "mapping": "${e42db0eb-ae74-4369-9f13-19c193acdc44.Recipients}",
          "sectionItemKey": "recipients"
        },
        {
          "inputPort": "input",
          "mapping": "${e42db0eb-ae74-4369-9f13-19c193acdc44.Timestamp}",
          "sectionItemKey": "9eaa427e-282d-472b-a35f-f76545949766"
        }
      ]
    }
  ],
  "edges": [
    {
      "fromBlock": "a304977c-e1b6-45d7-aa8b-afbd6ae2f5dd",
      "fromPort": "output",
      "toBlock": "3f66a903-dff5-4b89-b8af-f6ae305b7236",
      "toPort": "input"
    },
    {
      "fromBlock": "d10bb1f8-c818-4563-a970-b08151af9210",
      "fromPort": "output",
      "toBlock": "a304977c-e1b6-45d7-aa8b-afbd6ae2f5dd",
      "toPort": "input"
    },
    {
      "fromBlock": "e0ab6dc8-3d59-47d1-a906-f32f43b925e9",
      "fromPort": "output",
      "toBlock": "c858b470-1c5c-40c2-80b6-d9d8215ab105",
      "toPort": "input"
    },
    {
      "fromBlock": "e0ab6dc8-3d59-47d1-a906-f32f43b925e9",
      "fromPort": "4c28b60c-0434-4537-ab0b-028c4aa98370",
      "toBlock": "d10bb1f8-c818-4563-a970-b08151af9210",
      "toPort": "input"
    },
    {
      "fromBlock": "e42db0eb-ae74-4369-9f13-19c193acdc44",
      "fromPort": "output",
      "toBlock": "e0ab6dc8-3d59-47d1-a906-f32f43b925e9",
      "toPort": "input"
    }
  ]
}