[
  {
    "baseType": 3,
    "name": "AlertContext",
    "defaultValue": "",
    "description": "",
    "helpText": "",
    "isSystem": false,
    "minLength": 0,
    "maxLength": 20000,
    "validationRegex": "",
    "isValidate": false,
    "uuid": "3f6cbc5c-33a0-4b86-9b2d-774a4a3ebd23"
  },
  {
    "baseType": 3,
    "name": "AlertContext1",
    "defaultValue": "",
    "description": "",
    "helpText": "",
    "isSystem": false,
    "minLength": 0,
    "maxLength": 20000,
    "validationRegex": "",
    "isValidate": false,
    "uuid": "3dbe1d94-d210-430b-b6e5-982b371a77f9"
  },
  {
    "baseType": 3,
    "name": "Alert Description",
    "defaultValue": "",
    "description": "",
    "helpText": "",
    "isSystem": false,
    "minLength": 0,
    "maxLength": 3000,
    "validationRegex": "",
    "isValidate": false,
    "uuid": "8d4bced2-9f63-4a00-af8d-fe7592108db6"
  },
  {
    "baseType": 3,
    "name": "Alert Name",
    "defaultValue": "",
    "description": "",
    "helpText": "",
    "isSystem": false,
    "minLength": 0,
    "maxLength": 200,
    "validationRegex": "",
    "isValidate": false,
    "uuid": "a85c2ca3-4c6a-4b04-b84c-645992b98881"
  },
  {
    "baseType": 3,
    "name": "Condition Type",
    "defaultValue": "",
    "description": "",
    "helpText": "",
    "isSystem": false,
    "minLength": 0,
    "maxLength": 200,
    "validationRegex": "",
    "isValidate": false,
    "uuid": "316ac449-1560-4287-bfb6-ebe7250cdeef"
  },
  {
    "baseType": 3,
    "name": "Fired Time",
    "defaultValue": "",
    "description": "",
    "helpText": "",
    "isSystem": false,
    "minLength": 0,
    "maxLength": 200,
    "validationRegex": "",
    "isValidate": false,
    "uuid": "b32e5608-26ad-45e6-879d-909246406eff"
  },
  {
    "baseType": 3,
    "name": "ID",
    "defaultValue": "",
    "description": "",
    "helpText": "",
    "isSystem": false,
    "minLength": 0,
    "maxLength": 1000,
    "validationRegex": "",
    "isValidate": false,
    "uuid": "c93019b8-a4e2-4011-875f-5e3224f8f098"
  },
  {
    "baseType": 3,
    "name": "Metric Output",
    "defaultValue": "",
    "description": "",
    "helpText": "",
    "isSystem": false,
    "minLength": 0,
    "maxLength": 20000,
    "validationRegex": "",
    "isValidate": false,
    "uuid": "edfe50e1-788d-45ee-8758-c4ebec4c7adf"
  },
  {
    "baseType": 3,
    "name": "Monitor Condition",
    "defaultValue": "",
    "description": "",
    "helpText": "",
    "isSystem": false,
    "minLength": 0,
    "maxLength": 1500,
    "validationRegex": "",
    "isValidate": false,
    "uuid": "4be5c3fa-8f21-4669-aacc-64152f5463e2"
  },
  {
    "baseType": 3,
    "name": "Monitoring Service",
    "defaultValue": "",
    "description": "",
    "helpText": "",
    "isSystem": false,
    "minLength": 0,
    "maxLength": 1000,
    "validationRegex": "",
    "isValidate": false,
    "uuid": "052e5f1a-fa8f-4d29-a299-7ce0334a891a"
  },
  {
    "baseType": 3,
    "name": "Portal Link",
    "defaultValue": "",
    "description": "",
    "helpText": "",
    "isSystem": false,
    "minLength": 0,
    "maxLength": 500,
    "validationRegex": "",
    "isValidate": false,
    "uuid": "394a71e4-fdb5-4d79-88ca-684d7c57ae9a"
  },
  {
    "baseType": 3,
    "name": "Resolved Time",
    "defaultValue": "",
    "description": "",
    "helpText": "",
    "isSystem": false,
    "minLength": 0,
    "maxLength": 300,
    "validationRegex": "",
    "isValidate": false,
    "uuid": "260c7a71-6def-490c-98ad-dbccab3abca9"
  },
  {
    "baseType": 3,
    "name": "Resource Group Name",
    "defaultValue": "",
    "description": "",
    "helpText": "",
    "isSystem": false,
    "minLength": 0,
    "maxLength": 100,
    "validationRegex": "",
    "isValidate": false,
    "uuid": "76650195-993a-4082-918e-9b13b5f8be04"
  },
  {
    "baseType": 3,
    "name": "Resource ID",
    "defaultValue": "",
    "description": "",
    "helpText": "",
    "isSystem": false,
    "minLength": 0,
    "maxLength": 1000,
    "validationRegex": "",
    "isValidate": false,
    "uuid": "ae3a2311-09e9-4b02-b761-cc8f0eda0740"
  },
  {
    "baseType": 3,
    "name": "Resource Name",
    "defaultValue": "",
    "description": "",
    "helpText": "",
    "isSystem": false,
    "minLength": 0,
    "maxLength": 100,
    "validationRegex": "",
    "isValidate": false,
    "uuid": "844f8c6d-d299-47c5-8032-ce39a4e1af8b"
  },
  {
    "baseType": 3,
    "name": "Resource Region",
    "defaultValue": "",
    "description": "",
    "helpText": "",
    "isSystem": false,
    "minLength": 0,
    "maxLength": 100,
    "validationRegex": "",
    "isValidate": false,
    "uuid": "5ee00c62-d290-4b25-b220-96ea15de530f"
  },
  {
    "baseType": 3,
    "name": "Resource Type",
    "defaultValue": "",
    "description": "",
    "helpText": "",
    "isSystem": false,
    "minLength": 0,
    "maxLength": 100,
    "validationRegex": "",
    "isValidate": false,
    "uuid": "04527577-230c-45d3-a4c7-9763b9649bdc"
  },
  {
    "baseType": 3,
    "name": "Severity",
    "defaultValue": "",
    "description": "",
    "helpText": "",
    "isSystem": false,
    "minLength": 0,
    "maxLength": 40,
    "validationRegex": "",
    "isValidate": false,
    "uuid": "b19ee9ed-1a22-430a-a6a3-75dd6d775ff9"
  },
  {
    "baseType": 3,
    "name": "Subscription ID",
    "defaultValue": "",
    "description": "",
    "helpText": "",
    "isSystem": false,
    "minLength": 0,
    "maxLength": 100,
    "validationRegex": "",
    "isValidate": false,
    "uuid": "e1193c26-f1e4-4940-9819-00d3c672d836"
  },
  {
    "baseType": 3,
    "name": "Time Aggregation",
    "defaultValue": "",
    "description": "",
    "helpText": "",
    "isSystem": false,
    "minLength": 0,
    "maxLength": 100,
    "validationRegex": "",
    "isValidate": false,
    "uuid": "8494c99e-cc09-4631-b73f-ea9b046cbc9e"
  },
  {
    "baseType": 3,
    "name": "Timestamp",
    "defaultValue": "",
    "description": "",
    "helpText": "",
    "isSystem": false,
    "minLength": 0,
    "maxLength": 100,
    "validationRegex": "",
    "isValidate": false,
    "uuid": "559013a0-765b-4c3d-a770-a9d37b66dd13"
  },
  {
    "baseType": 3,
    "name": "Window Size",
    "defaultValue": "",
    "description": "",
    "helpText": "",
    "isSystem": false,
    "minLength": 0,
    "maxLength": 100,
    "validationRegex": "",
    "isValidate": false,
    "uuid": "477eb278-cd69-4a7f-a44f-f04c14ffdbee"
  }
]