[
  {
    "baseType": 3,
    "name": "Alert Description",
    "defaultValue": "",
    "description": "",
    "helpText": "",
    "isSystem": false,
    "minLength": 0,
    "maxLength": 3000,
    "validationRegex": "",
    "isValidate": false,
    "uuid": "dbdc018b-1ad9-4198-9a18-1ccef6386237"
  },
  {
    "baseType": 3,
    "name": "Alert Name",
    "defaultValue": "",
    "description": "",
    "helpText": "",
    "isSystem": false,
    "minLength": 0,
    "maxLength": 200,
    "validationRegex": "",
    "isValidate": false,
    "uuid": "5fa43658-2b79-468b-afce-cb5e3b9946e9"
  },
  {
    "baseType": 3,
    "name": "Condition Type",
    "defaultValue": "",
    "description": "",
    "helpText": "",
    "isSystem": false,
    "minLength": 0,
    "maxLength": 200,
    "validationRegex": "",
    "isValidate": false,
    "uuid": "e3a9e6fd-039c-441a-9525-f60b3557dfdb"
  },
  {
    "baseType": 3,
    "name": "Fired Time",
    "defaultValue": "",
    "description": "",
    "helpText": "",
    "isSystem": false,
    "minLength": 0,
    "maxLength": 200,
    "validationRegex": "",
    "isValidate": false,
    "uuid": "226d80f4-d591-44b3-977c-b6bbbf289213"
  },
  {
    "baseType": 3,
    "name": "ID",
    "defaultValue": "",
    "description": "",
    "helpText": "",
    "isSystem": false,
    "minLength": 0,
    "maxLength": 1000,
    "validationRegex": "",
    "isValidate": false,
    "uuid": "947fc08f-bb58-4542-ac4d-4b92b3024893"
  },
  {
    "baseType": 3,
    "name": "Metric Output",
    "defaultValue": "",
    "description": "",
    "helpText": "",
    "isSystem": false,
    "minLength": 0,
    "maxLength": 20000,
    "validationRegex": "",
    "isValidate": false,
    "uuid": "3e2a52b2-5033-4eb3-ace9-b92dce8a3e61"
  },
  {
    "baseType": 3,
    "name": "Monitor Condition",
    "defaultValue": "",
    "description": "",
    "helpText": "",
    "isSystem": false,
    "minLength": 0,
    "maxLength": 1500,
    "validationRegex": "",
    "isValidate": false,
    "uuid": "3e1d1616-5a44-457e-bea7-8651519d9e49"
  },
  {
    "baseType": 3,
    "name": "Monitoring Service",
    "defaultValue": "",
    "description": "",
    "helpText": "",
    "isSystem": false,
    "minLength": 0,
    "maxLength": 1000,
    "validationRegex": "",
    "isValidate": false,
    "uuid": "434ebbb2-9b41-49af-913d-bf532a7f317e"
  },
  {
    "baseType": 3,
    "name": "Portal Link",
    "defaultValue": "",
    "description": "",
    "helpText": "",
    "isSystem": false,
    "minLength": 0,
    "maxLength": 500,
    "validationRegex": "",
    "isValidate": false,
    "uuid": "f7ce1e76-ee6f-4289-a50e-5cec0f7a41ca"
  },
  {
    "baseType": 3,
    "name": "Resolved Time",
    "defaultValue": "",
    "description": "",
    "helpText": "",
    "isSystem": false,
    "minLength": 0,
    "maxLength": 300,
    "validationRegex": "",
    "isValidate": false,
    "uuid": "7150468c-4aad-4552-a43c-0b961e9689c1"
  },
  {
    "baseType": 3,
    "name": "Resource Group Name",
    "defaultValue": "",
    "description": "",
    "helpText": "",
    "isSystem": false,
    "minLength": 0,
    "maxLength": 100,
    "validationRegex": "",
    "isValidate": false,
    "uuid": "b4e02ce1-a5bd-4177-9cc6-1dda979803c5"
  },
  {
    "baseType": 3,
    "name": "Resource ID",
    "defaultValue": "",
    "description": "",
    "helpText": "",
    "isSystem": false,
    "minLength": 0,
    "maxLength": 1000,
    "validationRegex": "",
    "isValidate": false,
    "uuid": "c58f4ae8-119f-4ce9-babb-3e214a216ecb"
  },
  {
    "baseType": 3,
    "name": "Resource Name",
    "defaultValue": "",
    "description": "",
    "helpText": "",
    "isSystem": false,
    "minLength": 0,
    "maxLength": 100,
    "validationRegex": "",
    "isValidate": false,
    "uuid": "70e1f381-20d1-40ed-bc44-8247b0da4726"
  },
  {
    "baseType": 3,
    "name": "Resource Region",
    "defaultValue": "",
    "description": "",
    "helpText": "",
    "isSystem": false,
    "minLength": 0,
    "maxLength": 100,
    "validationRegex": "",
    "isValidate": false,
    "uuid": "766acefb-5a3e-4ce7-9d70-aa05eb8b4e70"
  },
  {
    "baseType": 3,
    "name": "Resource Type",
    "defaultValue": "",
    "description": "",
    "helpText": "",
    "isSystem": false,
    "minLength": 0,
    "maxLength": 100,
    "validationRegex": "",
    "isValidate": false,
    "uuid": "00bec258-7af9-4165-95ac-d99de907c6c8"
  },
  {
    "baseType": 3,
    "name": "Severity",
    "defaultValue": "",
    "description": "",
    "helpText": "",
    "isSystem": false,
    "minLength": 0,
    "maxLength": 40,
    "validationRegex": "",
    "isValidate": false,
    "uuid": "0a49b6d0-5867-4554-8181-9b7a9bed776b"
  },
  {
    "baseType": 3,
    "name": "Subscription ID",
    "defaultValue": "",
    "description": "",
    "helpText": "",
    "isSystem": false,
    "minLength": 0,
    "maxLength": 100,
    "validationRegex": "",
    "isValidate": false,
    "uuid": "0b55deb9-04af-4022-bf0a-96b86a7acc3b"
  },
  {
    "baseType": 3,
    "name": "Time Aggregation",
    "defaultValue": "",
    "description": "",
    "helpText": "",
    "isSystem": false,
    "minLength": 0,
    "maxLength": 100,
    "validationRegex": "",
    "isValidate": false,
    "uuid": "3658fd49-3628-49dc-a11f-8811e55da67b"
  },
  {
    "baseType": 3,
    "name": "Timestamp",
    "defaultValue": "",
    "description": "",
    "helpText": "",
    "isSystem": false,
    "minLength": 0,
    "maxLength": 100,
    "validationRegex": "",
    "isValidate": false,
    "uuid": "9eaa427e-282d-472b-a35f-f76545949766"
  },
  {
    "baseType": 3,
    "name": "Window Size",
    "defaultValue": "",
    "description": "",
    "helpText": "",
    "isSystem": false,
    "minLength": 0,
    "maxLength": 100,
    "validationRegex": "",
    "isValidate": false,
    "uuid": "32734193-ac23-4a78-9665-26a7cfa3ac4f"
  }
]