[
  {
    "baseType": 3,
    "name": "AlertContext",
    "defaultValue": "",
    "description": "",
    "helpText": "",
    "isSystem": false,
    "minLength": 0,
    "maxLength": 20000,
    "validationRegex": "",
    "isValidate": false,
    "uuid": "048baf79-fc5e-425f-b156-af8a3ab848a4"
  },
  {
    "baseType": 3,
    "name": "AlertContext1",
    "defaultValue": "",
    "description": "",
    "helpText": "",
    "isSystem": false,
    "minLength": 0,
    "maxLength": 20000,
    "validationRegex": "",
    "isValidate": false,
    "uuid": "b0449645-535d-4d4a-ac0e-1504a9213612"
  },
  {
    "baseType": 3,
    "name": "Alert Description",
    "defaultValue": "",
    "description": "",
    "helpText": "",
    "isSystem": false,
    "minLength": 0,
    "maxLength": 3000,
    "validationRegex": "",
    "isValidate": false,
    "uuid": "0329cded-e28d-4418-8632-1a6f1e36f746"
  },
  {
    "baseType": 3,
    "name": "Alert Name",
    "defaultValue": "",
    "description": "",
    "helpText": "",
    "isSystem": false,
    "minLength": 0,
    "maxLength": 200,
    "validationRegex": "",
    "isValidate": false,
    "uuid": "faf0a426-f4ee-42d9-ad20-b58f51ab1d25"
  },
  {
    "baseType": 3,
    "name": "Condition Type",
    "defaultValue": "",
    "description": "",
    "helpText": "",
    "isSystem": false,
    "minLength": 0,
    "maxLength": 200,
    "validationRegex": "",
    "isValidate": false,
    "uuid": "d616125d-1c40-4502-aaaa-e8fbcc260859"
  },
  {
    "baseType": 3,
    "name": "Fired Time",
    "defaultValue": "",
    "description": "",
    "helpText": "",
    "isSystem": false,
    "minLength": 0,
    "maxLength": 200,
    "validationRegex": "",
    "isValidate": false,
    "uuid": "f56de696-320b-4b71-abc5-fc28691701fd"
  },
  {
    "baseType": 3,
    "name": "ID",
    "defaultValue": "",
    "description": "",
    "helpText": "",
    "isSystem": false,
    "minLength": 0,
    "maxLength": 1000,
    "validationRegex": "",
    "isValidate": false,
    "uuid": "432a97b4-7fec-4b70-b4c9-ed8fc50a9046"
  },
  {
    "baseType": 3,
    "name": "Metric Output",
    "defaultValue": "",
    "description": "",
    "helpText": "",
    "isSystem": false,
    "minLength": 0,
    "maxLength": 20000,
    "validationRegex": "",
    "isValidate": false,
    "uuid": "7219d878-4d3f-42dc-aa61-6e9d689c7849"
  },
  {
    "baseType": 3,
    "name": "Monitor Condition",
    "defaultValue": "",
    "description": "",
    "helpText": "",
    "isSystem": false,
    "minLength": 0,
    "maxLength": 1500,
    "validationRegex": "",
    "isValidate": false,
    "uuid": "55259f2b-0edc-46fd-ad9d-9cf17f5b3b78"
  },
  {
    "baseType": 3,
    "name": "Monitoring Service",
    "defaultValue": "",
    "description": "",
    "helpText": "",
    "isSystem": false,
    "minLength": 0,
    "maxLength": 1000,
    "validationRegex": "",
    "isValidate": false,
    "uuid": "3b9e01e4-2b0d-4965-8f18-0b5b71560c7c"
  },
  {
    "baseType": 3,
    "name": "Portal Link",
    "defaultValue": "",
    "description": "",
    "helpText": "",
    "isSystem": false,
    "minLength": 0,
    "maxLength": 500,
    "validationRegex": "",
    "isValidate": false,
    "uuid": "97013794-1aa0-47c7-91c3-bbd3a1ff2877"
  },
  {
    "baseType": 3,
    "name": "Resolved Time",
    "defaultValue": "",
    "description": "",
    "helpText": "",
    "isSystem": false,
    "minLength": 0,
    "maxLength": 300,
    "validationRegex": "",
    "isValidate": false,
    "uuid": "3fb05ecb-d283-4e10-854e-c57e2d5e0cd0"
  },
  {
    "baseType": 3,
    "name": "Resource Group Name",
    "defaultValue": "",
    "description": "",
    "helpText": "",
    "isSystem": false,
    "minLength": 0,
    "maxLength": 100,
    "validationRegex": "",
    "isValidate": false,
    "uuid": "e40b692d-57b8-45ae-b187-aabfe25d4dde"
  },
  {
    "baseType": 3,
    "name": "Resource ID",
    "defaultValue": "",
    "description": "",
    "helpText": "",
    "isSystem": false,
    "minLength": 0,
    "maxLength": 1000,
    "validationRegex": "",
    "isValidate": false,
    "uuid": "25c602b3-18e5-415b-89db-76d2f6063092"
  },
  {
    "baseType": 3,
    "name": "Resource Name",
    "defaultValue": "",
    "description": "",
    "helpText": "",
    "isSystem": false,
    "minLength": 0,
    "maxLength": 100,
    "validationRegex": "",
    "isValidate": false,
    "uuid": "1273982c-6928-4be8-b449-7420d6ce9a04"
  },
  {
    "baseType": 3,
    "name": "Resource Region",
    "defaultValue": "",
    "description": "",
    "helpText": "",
    "isSystem": false,
    "minLength": 0,
    "maxLength": 100,
    "validationRegex": "",
    "isValidate": false,
    "uuid": "ae18e71e-787c-4373-8410-4c1f137f917c"
  },
  {
    "baseType": 3,
    "name": "Resource Type",
    "defaultValue": "",
    "description": "",
    "helpText": "",
    "isSystem": false,
    "minLength": 0,
    "maxLength": 100,
    "validationRegex": "",
    "isValidate": false,
    "uuid": "ee871001-a62b-428e-9dea-94dd0c99f1b7"
  },
  {
    "baseType": 3,
    "name": "Severity",
    "defaultValue": "",
    "description": "",
    "helpText": "",
    "isSystem": false,
    "minLength": 0,
    "maxLength": 40,
    "validationRegex": "",
    "isValidate": false,
    "uuid": "e3d61487-5b0e-4f9a-b976-a3fc75611026"
  },
  {
    "baseType": 3,
    "name": "Subscription ID",
    "defaultValue": "",
    "description": "",
    "helpText": "",
    "isSystem": false,
    "minLength": 0,
    "maxLength": 100,
    "validationRegex": "",
    "isValidate": false,
    "uuid": "77fb64e1-63da-4fcf-a800-c89bc816b912"
  },
  {
    "baseType": 3,
    "name": "Time Aggregation",
    "defaultValue": "",
    "description": "",
    "helpText": "",
    "isSystem": false,
    "minLength": 0,
    "maxLength": 100,
    "validationRegex": "",
    "isValidate": false,
    "uuid": "ea3d3021-79e2-4afe-baf9-c847d9847d50"
  },
  {
    "baseType": 3,
    "name": "Timestamp",
    "defaultValue": "",
    "description": "",
    "helpText": "",
    "isSystem": false,
    "minLength": 0,
    "maxLength": 100,
    "validationRegex": "",
    "isValidate": false,
    "uuid": "986130ef-bc75-4400-a19e-37ac65e156c1"
  },
  {
    "baseType": 3,
    "name": "Window Size",
    "defaultValue": "",
    "description": "",
    "helpText": "",
    "isSystem": false,
    "minLength": 0,
    "maxLength": 100,
    "validationRegex": "",
    "isValidate": false,
    "uuid": "a5b24987-8d74-4b62-bff0-d873ca16f2ad"
  }
]