[
  {
    "baseType": 3,
    "name": "Alert Description",
    "defaultValue": "",
    "description": "",
    "helpText": "",
    "isSystem": false,
    "minLength": 0,
    "maxLength": 3000,
    "validationRegex": "",
    "isValidate": false,
    "uuid": "1f5ad11b-885d-479d-8df5-3f907ebfa2bb"
  },
  {
    "baseType": 3,
    "name": "Alert Name",
    "defaultValue": "",
    "description": "",
    "helpText": "",
    "isSystem": false,
    "minLength": 0,
    "maxLength": 200,
    "validationRegex": "",
    "isValidate": false,
    "uuid": "1090079d-b75b-45f0-93b5-8d2646e7f8db"
  },
  {
    "baseType": 3,
    "name": "Condition Type",
    "defaultValue": "",
    "description": "",
    "helpText": "",
    "isSystem": false,
    "minLength": 0,
    "maxLength": 200,
    "validationRegex": "",
    "isValidate": false,
    "uuid": "fff5319e-8f0c-4e3d-ae39-c6c263d5c451"
  },
  {
    "baseType": 3,
    "name": "Fired Time",
    "defaultValue": "",
    "description": "",
    "helpText": "",
    "isSystem": false,
    "minLength": 0,
    "maxLength": 200,
    "validationRegex": "",
    "isValidate": false,
    "uuid": "2e21ab68-f040-4aab-90cb-636d783ac16c"
  },
  {
    "baseType": 3,
    "name": "ID",
    "defaultValue": "",
    "description": "",
    "helpText": "",
    "isSystem": false,
    "minLength": 0,
    "maxLength": 1000,
    "validationRegex": "",
    "isValidate": false,
    "uuid": "b49ddc8c-e9b4-4fdd-a948-0438afe004c2"
  },
  {
    "baseType": 3,
    "name": "Metric Output",
    "defaultValue": "",
    "description": "",
    "helpText": "",
    "isSystem": false,
    "minLength": 0,
    "maxLength": 20000,
    "validationRegex": "",
    "isValidate": false,
    "uuid": "f7afc487-7fd3-437e-b0bd-1617fc6729c0"
  },
  {
    "baseType": 3,
    "name": "Monitor Condition",
    "defaultValue": "",
    "description": "",
    "helpText": "",
    "isSystem": false,
    "minLength": 0,
    "maxLength": 1500,
    "validationRegex": "",
    "isValidate": false,
    "uuid": "a5655132-1b70-4295-91ef-0d5aa4382873"
  },
  {
    "baseType": 3,
    "name": "Monitoring Service",
    "defaultValue": "",
    "description": "",
    "helpText": "",
    "isSystem": false,
    "minLength": 0,
    "maxLength": 1000,
    "validationRegex": "",
    "isValidate": false,
    "uuid": "a3eff03f-57a9-4a0f-b440-58f44856de9b"
  },
  {
    "baseType": 3,
    "name": "Portal Link",
    "defaultValue": "",
    "description": "",
    "helpText": "",
    "isSystem": false,
    "minLength": 0,
    "maxLength": 500,
    "validationRegex": "",
    "isValidate": false,
    "uuid": "b806a0de-ac9c-4fb5-b4bf-2046e3791203"
  },
  {
    "baseType": 3,
    "name": "Resolved Time",
    "defaultValue": "",
    "description": "",
    "helpText": "",
    "isSystem": false,
    "minLength": 0,
    "maxLength": 300,
    "validationRegex": "",
    "isValidate": false,
    "uuid": "82e2a48d-92df-4f07-8818-09d8f314267e"
  },
  {
    "baseType": 3,
    "name": "Resource Group Name",
    "defaultValue": "",
    "description": "",
    "helpText": "",
    "isSystem": false,
    "minLength": 0,
    "maxLength": 100,
    "validationRegex": "",
    "isValidate": false,
    "uuid": "498a7aad-52a4-4cf7-a73a-afba08156529"
  },
  {
    "baseType": 3,
    "name": "Resource ID",
    "defaultValue": "",
    "description": "",
    "helpText": "",
    "isSystem": false,
    "minLength": 0,
    "maxLength": 1000,
    "validationRegex": "",
    "isValidate": false,
    "uuid": "fb68aecf-db67-4328-944c-58ef466da0c6"
  },
  {
    "baseType": 3,
    "name": "Resource Name",
    "defaultValue": "",
    "description": "",
    "helpText": "",
    "isSystem": false,
    "minLength": 0,
    "maxLength": 100,
    "validationRegex": "",
    "isValidate": false,
    "uuid": "5ac6c024-8750-4212-8bc1-45f22bc351c4"
  },
  {
    "baseType": 3,
    "name": "Resource Region",
    "defaultValue": "",
    "description": "",
    "helpText": "",
    "isSystem": false,
    "minLength": 0,
    "maxLength": 100,
    "validationRegex": "",
    "isValidate": false,
    "uuid": "30b76689-b014-4795-ae0f-f3133d4b2c60"
  },
  {
    "baseType": 3,
    "name": "Resource Type",
    "defaultValue": "",
    "description": "",
    "helpText": "",
    "isSystem": false,
    "minLength": 0,
    "maxLength": 100,
    "validationRegex": "",
    "isValidate": false,
    "uuid": "d2b329da-67e6-4f71-88af-b3b5ee1f3e8f"
  },
  {
    "baseType": 3,
    "name": "Severity",
    "defaultValue": "",
    "description": "",
    "helpText": "",
    "isSystem": false,
    "minLength": 0,
    "maxLength": 40,
    "validationRegex": "",
    "isValidate": false,
    "uuid": "b67262dc-f6a7-4a55-9d26-9aa4fbcd64f5"
  },
  {
    "baseType": 3,
    "name": "Subscription ID",
    "defaultValue": "",
    "description": "",
    "helpText": "",
    "isSystem": false,
    "minLength": 0,
    "maxLength": 100,
    "validationRegex": "",
    "isValidate": false,
    "uuid": "0dc693c6-1bad-4ada-9570-11e2837b85e6"
  },
  {
    "baseType": 3,
    "name": "Time Aggregation",
    "defaultValue": "",
    "description": "",
    "helpText": "",
    "isSystem": false,
    "minLength": 0,
    "maxLength": 100,
    "validationRegex": "",
    "isValidate": false,
    "uuid": "911f066b-157f-4ba1-aff8-da5157487dd0"
  },
  {
    "baseType": 3,
    "name": "Timestamp",
    "defaultValue": "",
    "description": "",
    "helpText": "",
    "isSystem": false,
    "minLength": 0,
    "maxLength": 100,
    "validationRegex": "",
    "isValidate": false,
    "uuid": "822a6e3b-e32f-4338-8249-e68bff6b6414"
  },
  {
    "baseType": 3,
    "name": "Window Size",
    "defaultValue": "",
    "description": "",
    "helpText": "",
    "isSystem": false,
    "minLength": 0,
    "maxLength": 100,
    "validationRegex": "",
    "isValidate": false,
    "uuid": "62f8a8b1-4061-4c27-8646-cfb588c3aaa5"
  }
]