[
  {
    "baseType": 3,
    "name": "AlertContext",
    "defaultValue": "",
    "description": "",
    "helpText": "",
    "isSystem": false,
    "minLength": 0,
    "maxLength": 20000,
    "validationRegex": "",
    "isValidate": false,
    "uuid": "1a96f60e-dd22-4444-82ab-b06729325529"
  },
  {
    "baseType": 3,
    "name": "AlertContext1",
    "defaultValue": "",
    "description": "",
    "helpText": "",
    "isSystem": false,
    "minLength": 0,
    "maxLength": 20000,
    "validationRegex": "",
    "isValidate": false,
    "uuid": "5aae8aad-8bdd-4ac8-a80b-761f27ba75a2"
  },
  {
    "baseType": 3,
    "name": "Alert Description",
    "defaultValue": "",
    "description": "",
    "helpText": "",
    "isSystem": false,
    "minLength": 0,
    "maxLength": 3000,
    "validationRegex": "",
    "isValidate": false,
    "uuid": "9572a9ad-c1d2-462a-b9ec-572f8063957d"
  },
  {
    "baseType": 3,
    "name": "Alert Name",
    "defaultValue": "",
    "description": "",
    "helpText": "",
    "isSystem": false,
    "minLength": 0,
    "maxLength": 200,
    "validationRegex": "",
    "isValidate": false,
    "uuid": "813b19b6-f27b-4df9-9a48-c5bb6a937452"
  },
  {
    "baseType": 3,
    "name": "Condition Type",
    "defaultValue": "",
    "description": "",
    "helpText": "",
    "isSystem": false,
    "minLength": 0,
    "maxLength": 200,
    "validationRegex": "",
    "isValidate": false,
    "uuid": "51d56adb-9fbc-428f-acf8-ba529513a95b"
  },
  {
    "baseType": 3,
    "name": "Fired Time",
    "defaultValue": "",
    "description": "",
    "helpText": "",
    "isSystem": false,
    "minLength": 0,
    "maxLength": 200,
    "validationRegex": "",
    "isValidate": false,
    "uuid": "b12b2e77-73d9-4c15-be16-0d5a12abe148"
  },
  {
    "baseType": 3,
    "name": "ID",
    "defaultValue": "",
    "description": "",
    "helpText": "",
    "isSystem": false,
    "minLength": 0,
    "maxLength": 1000,
    "validationRegex": "",
    "isValidate": false,
    "uuid": "6d91849c-20ae-40ad-a8a9-2aa9ceab5beb"
  },
  {
    "baseType": 3,
    "name": "Metric Output",
    "defaultValue": "",
    "description": "",
    "helpText": "",
    "isSystem": false,
    "minLength": 0,
    "maxLength": 20000,
    "validationRegex": "",
    "isValidate": false,
    "uuid": "47097fa4-3caf-4dd0-87f9-31a3fc6d78a7"
  },
  {
    "baseType": 3,
    "name": "Monitor Condition",
    "defaultValue": "",
    "description": "",
    "helpText": "",
    "isSystem": false,
    "minLength": 0,
    "maxLength": 1500,
    "validationRegex": "",
    "isValidate": false,
    "uuid": "a32b8a63-52e6-4dae-b486-103f89e52b43"
  },
  {
    "baseType": 3,
    "name": "Monitoring Service",
    "defaultValue": "",
    "description": "",
    "helpText": "",
    "isSystem": false,
    "minLength": 0,
    "maxLength": 1000,
    "validationRegex": "",
    "isValidate": false,
    "uuid": "e1ca33fd-722d-4958-a94f-2213c76f906d"
  },
  {
    "baseType": 3,
    "name": "Portal Link",
    "defaultValue": "",
    "description": "",
    "helpText": "",
    "isSystem": false,
    "minLength": 0,
    "maxLength": 500,
    "validationRegex": "",
    "isValidate": false,
    "uuid": "f020f39e-2d2c-486c-93e2-9f5b61e813fc"
  },
  {
    "baseType": 3,
    "name": "Resolved Time",
    "defaultValue": "",
    "description": "",
    "helpText": "",
    "isSystem": false,
    "minLength": 0,
    "maxLength": 300,
    "validationRegex": "",
    "isValidate": false,
    "uuid": "f0c1b415-9e0e-447b-876c-37e9d53f4ddd"
  },
  {
    "baseType": 3,
    "name": "Resource Group Name",
    "defaultValue": "",
    "description": "",
    "helpText": "",
    "isSystem": false,
    "minLength": 0,
    "maxLength": 100,
    "validationRegex": "",
    "isValidate": false,
    "uuid": "d04e88a8-2c9b-4c98-9561-fc1328f80018"
  },
  {
    "baseType": 3,
    "name": "Resource ID",
    "defaultValue": "",
    "description": "",
    "helpText": "",
    "isSystem": false,
    "minLength": 0,
    "maxLength": 1000,
    "validationRegex": "",
    "isValidate": false,
    "uuid": "984aa738-5011-43c2-8c04-323055e77532"
  },
  {
    "baseType": 3,
    "name": "Resource Name",
    "defaultValue": "",
    "description": "",
    "helpText": "",
    "isSystem": false,
    "minLength": 0,
    "maxLength": 100,
    "validationRegex": "",
    "isValidate": false,
    "uuid": "56a7b09a-4d26-4c5a-adb7-9950e3f6a9f7"
  },
  {
    "baseType": 3,
    "name": "Resource Region",
    "defaultValue": "",
    "description": "",
    "helpText": "",
    "isSystem": false,
    "minLength": 0,
    "maxLength": 100,
    "validationRegex": "",
    "isValidate": false,
    "uuid": "98ad8806-02bf-42f6-817e-360f43df7041"
  },
  {
    "baseType": 3,
    "name": "Resource Type",
    "defaultValue": "",
    "description": "",
    "helpText": "",
    "isSystem": false,
    "minLength": 0,
    "maxLength": 100,
    "validationRegex": "",
    "isValidate": false,
    "uuid": "08bbb78f-119d-4916-bd90-5ec4891fa182"
  },
  {
    "baseType": 3,
    "name": "Severity",
    "defaultValue": "",
    "description": "",
    "helpText": "",
    "isSystem": false,
    "minLength": 0,
    "maxLength": 40,
    "validationRegex": "",
    "isValidate": false,
    "uuid": "6f574c56-7ed3-4412-8d8b-1f94792f4cd6"
  },
  {
    "baseType": 3,
    "name": "Subscription ID",
    "defaultValue": "",
    "description": "",
    "helpText": "",
    "isSystem": false,
    "minLength": 0,
    "maxLength": 100,
    "validationRegex": "",
    "isValidate": false,
    "uuid": "8cc76954-e50e-428b-bbdc-042e60af126f"
  },
  {
    "baseType": 3,
    "name": "Time Aggregation",
    "defaultValue": "",
    "description": "",
    "helpText": "",
    "isSystem": false,
    "minLength": 0,
    "maxLength": 100,
    "validationRegex": "",
    "isValidate": false,
    "uuid": "83f51eb6-a449-49aa-aca5-323c005dbbbe"
  },
  {
    "baseType": 3,
    "name": "Timestamp",
    "defaultValue": "",
    "description": "",
    "helpText": "",
    "isSystem": false,
    "minLength": 0,
    "maxLength": 100,
    "validationRegex": "",
    "isValidate": false,
    "uuid": "a1dc4da9-4b4a-4bc0-b57c-a7e72adc8c16"
  },
  {
    "baseType": 3,
    "name": "Window Size",
    "defaultValue": "",
    "description": "",
    "helpText": "",
    "isSystem": false,
    "minLength": 0,
    "maxLength": 100,
    "validationRegex": "",
    "isValidate": false,
    "uuid": "478308f5-a683-4bcc-a925-2add4ade41da"
  }
]